"city","state","id"
"Santa María de la Paz","Zacatecas","2"
"Trancoso","Zacatecas","3"
"Zacatecas","Zacatecas","4"
"Villanueva","Zacatecas","5"
"Villa Hidalgo","Zacatecas","6"
"Villa González Ortega","Zacatecas","7"
"Villa García","Zacatecas","8"
"Villa de Cos","Zacatecas","9"
"Vetagrande","Zacatecas","10"
"Valparaíso","Zacatecas","11"
"Tlaltenango de Sánchez Román","Zacatecas","12"
"Teul de González Ortega","Zacatecas","13"
"Tepetongo","Zacatecas","14"
"Tepechitlán","Zacatecas","15"
"Tabasco","Zacatecas","16"
"Susticacán","Zacatecas","17"
"Sombrerete","Zacatecas","18"
"El Salvador","Zacatecas","19"
"Sain Alto","Zacatecas","20"
"Río Grande","Zacatecas","21"
"Pinos","Zacatecas","22"
"Pánuco","Zacatecas","23"
"Ojocaliente","Zacatecas","24"
"Noria de Ángeles","Zacatecas","25"
"Nochistlán de Mejía","Zacatecas","26"
"Moyahua de Estrada","Zacatecas","27"
"Morelos","Zacatecas","28"
"Monte Escobedo","Zacatecas","29"
"Momax","Zacatecas","30"
"Miguel Auza","Zacatecas","31"
"Mezquital del Oro","Zacatecas","32"
"Melchor Ocampo","Zacatecas","33"
"Mazapil","Zacatecas","34"
"Luis Moya","Zacatecas","35"
"Loreto","Zacatecas","36"
"Juchipila","Zacatecas","37"
"Juan Aldama","Zacatecas","38"
"Jiménez del Teul","Zacatecas","39"
"Jerez","Zacatecas","40"
"Jalpa","Zacatecas","41"
"Huanusco","Zacatecas","42"
"Guadalupe","Zacatecas","43"
"General Pánfilo Natera","Zacatecas","44"
"El Plateado de Joaquín Amaro","Zacatecas","45"
"General Francisco R. Murguía","Zacatecas","46"
"General Enrique Estrada","Zacatecas","47"
"Genaro Codina","Zacatecas","48"
"Trinidad García de la Cadena","Zacatecas","49"
"Fresnillo","Zacatecas","50"
"Chalchihuites","Zacatecas","51"
"Cuauhtémoc","Zacatecas","52"
"Concepción del Oro","Zacatecas","53"
"Cañitas de Felipe Pescador","Zacatecas","54"
"Calera","Zacatecas","55"
"Benito Juárez","Zacatecas","56"
"Atolinga","Zacatecas","57"
"Apulco","Zacatecas","58"
"Apozol","Zacatecas","59"
"Yobaín","Yucatán","60"
"Yaxkukul","Yucatán","61"
"Yaxcabá","Yucatán","62"
"Xocchel","Yucatán","63"
"Valladolid","Yucatán","64"
"Umán","Yucatán","65"
"Ucú","Yucatán","66"
"Uayma","Yucatán","67"
"Tzucacab","Yucatán","68"
"Tunkás","Yucatán","69"
"Tizimín","Yucatán","70"
"Tixpéhual","Yucatán","71"
"Tixmehuac","Yucatán","72"
"Tixkokob","Yucatán","73"
"Tixcacalcupul","Yucatán","74"
"Tinum","Yucatán","75"
"Timucuy","Yucatán","76"
"Ticul","Yucatán","77"
"Teya","Yucatán","78"
"Tetiz","Yucatán","79"
"Tepakán","Yucatán","80"
"Temozón","Yucatán","81"
"Temax","Yucatán","82"
"Telchac Puerto","Yucatán","83"
"Telchac Pueblo","Yucatán","84"
"Tekom","Yucatán","85"
"Tekit","Yucatán","86"
"Tekax","Yucatán","87"
"Tekantó","Yucatán","88"
"Tekal de Venegas","Yucatán","89"
"Tecoh","Yucatán","90"
"Teabo","Yucatán","91"
"Tahmek","Yucatán","92"
"Tahdziú","Yucatán","93"
"Suma","Yucatán","94"
"Sudzal","Yucatán","95"
"Sucilá","Yucatán","96"
"Sotuta","Yucatán","97"
"Sinanché","Yucatán","98"
"Seyé","Yucatán","99"
"Santa Elena","Yucatán","100"
"San Felipe","Yucatán","101"
"Sanahcat","Yucatán","102"
"Samahil","Yucatán","103"
"Sacalum","Yucatán","104"
"Río Lagartos","Yucatán","105"
"Quintana Roo","Yucatán","106"
"Progreso","Yucatán","107"
"Peto","Yucatán","108"
"Panabá","Yucatán","109"
"Oxkutzcab","Yucatán","110"
"Opichén","Yucatán","111"
"Muxupip","Yucatán","112"
"Muna","Yucatán","113"
"Motul","Yucatán","114"
"Mocochá","Yucatán","115"
"Mérida","Yucatán","116"
"Mayapán","Yucatán","117"
"Maxcanú","Yucatán","118"
"Maní","Yucatán","119"
"Mama","Yucatán","120"
"Kopomá","Yucatán","121"
"Kinchil","Yucatán","122"
"Kaua","Yucatán","123"
"Kantunil","Yucatán","124"
"Kanasín","Yucatán","125"
"Izamal","Yucatán","126"
"Ixil","Yucatán","127"
"Hunucmá","Yucatán","128"
"Huhí","Yucatán","129"
"Homún","Yucatán","130"
"Hoctún","Yucatán","131"
"Hocabá","Yucatán","132"
"Halachó","Yucatán","133"
"Espita","Yucatán","134"
"Dzoncauich","Yucatán","135"
"Dzitás","Yucatán","136"
"Dzilam González","Yucatán","137"
"Dzilam de Bravo","Yucatán","138"
"Dzidzantún","Yucatán","139"
"Dzemul","Yucatán","140"
"Dzán","Yucatán","141"
"Chumayel","Yucatán","142"
"Chocholá","Yucatán","143"
"Chikindzonot","Yucatán","144"
"Chichimilá","Yucatán","145"
"Chicxulub Pueblo","Yucatán","146"
"Chemax","Yucatán","147"
"Chapab","Yucatán","148"
"Chankom","Yucatán","149"
"Chacsinkín","Yucatán","150"
"Cuzamá","Yucatán","151"
"Cuncunul","Yucatán","152"
"Conkal","Yucatán","153"
"Cenotillo","Yucatán","154"
"Celestún","Yucatán","155"
"Cantamayec","Yucatán","156"
"Cansahcab","Yucatán","157"
"Calotmul","Yucatán","158"
"Cacalchén","Yucatán","159"
"Buctzotz","Yucatán","160"
"Bokobá","Yucatán","161"
"Baca","Yucatán","162"
"Akil","Yucatán","163"
"Acanceh","Yucatán","164"
"Abalá","Yucatán","165"
"Santiago Sochiapan","Veracruz de Ignacio de la Llave","166"
"San Rafael","Veracruz de Ignacio de la Llave","167"
"Tatahuicapan de Juárez","Veracruz de Ignacio de la Llave","168"
"Uxpanapa","Veracruz de Ignacio de la Llave","169"
"Carlos A. Carrillo","Veracruz de Ignacio de la Llave","170"
"El Higo","Veracruz de Ignacio de la Llave","171"
"Agua Dulce","Veracruz de Ignacio de la Llave","172"
"Nanchital de Lázaro Cárdenas del Río","Veracruz de Ignacio de la Llave","173"
"Tres Valles","Veracruz de Ignacio de la Llave","174"
"Zozocolco de Hidalgo","Veracruz de Ignacio de la Llave","175"
"Zontecomatlán","Veracruz de Ignacio de la Llave","176"
"Zongolica","Veracruz de Ignacio de la Llave","177"
"Zentla","Veracruz de Ignacio de la Llave","178"
"Zaragoza","Veracruz de Ignacio de la Llave","179"
"Zacualpan","Veracruz de Ignacio de la Llave","180"
"Yecuatla","Veracruz de Ignacio de la Llave","181"
"Yanga","Veracruz de Ignacio de la Llave","182"
"Xoxocotla","Veracruz de Ignacio de la Llave","183"
"Xico","Veracruz de Ignacio de la Llave","184"
"Villa Aldama","Veracruz de Ignacio de la Llave","185"
"Veracruz","Veracruz de Ignacio de la Llave","186"
"Vega de Alatorre","Veracruz de Ignacio de la Llave","187"
"Ursulo Galván","Veracruz de Ignacio de la Llave","188"
"Tuxtilla","Veracruz de Ignacio de la Llave","189"
"Tuxpan","Veracruz de Ignacio de la Llave","190"
"Totutla","Veracruz de Ignacio de la Llave","191"
"Tonayán","Veracruz de Ignacio de la Llave","192"
"Tomatlán","Veracruz de Ignacio de la Llave","193"
"Tlilapan","Veracruz de Ignacio de la Llave","194"
"Tlaquilpa","Veracruz de Ignacio de la Llave","195"
"Tlapacoyan","Veracruz de Ignacio de la Llave","196"
"Tlalnelhuayocan","Veracruz de Ignacio de la Llave","197"
"Tlalixcoyan","Veracruz de Ignacio de la Llave","198"
"Tlachichilco","Veracruz de Ignacio de la Llave","199"
"Tlacotepec de Mejía","Veracruz de Ignacio de la Llave","200"
"Tlacotalpan","Veracruz de Ignacio de la Llave","201"
"Tlacolulan","Veracruz de Ignacio de la Llave","202"
"Tlacojalpan","Veracruz de Ignacio de la Llave","203"
"Tihuatlán","Veracruz de Ignacio de la Llave","204"
"Tierra Blanca","Veracruz de Ignacio de la Llave","205"
"Tezonapa","Veracruz de Ignacio de la Llave","206"
"Texistepec","Veracruz de Ignacio de la Llave","207"
"Texhuacán","Veracruz de Ignacio de la Llave","208"
"Texcatepec","Veracruz de Ignacio de la Llave","209"
"José Azueta","Veracruz de Ignacio de la Llave","210"
"Tequila","Veracruz de Ignacio de la Llave","211"
"Tepetzintla","Veracruz de Ignacio de la Llave","212"
"Tepetlán","Veracruz de Ignacio de la Llave","213"
"Tepatlaxco","Veracruz de Ignacio de la Llave","214"
"Teocelo","Veracruz de Ignacio de la Llave","215"
"Tenochtitlán","Veracruz de Ignacio de la Llave","216"
"Tenampa","Veracruz de Ignacio de la Llave","217"
"Tempoal","Veracruz de Ignacio de la Llave","218"
"Tehuipango","Veracruz de Ignacio de la Llave","219"
"Tecolutla","Veracruz de Ignacio de la Llave","220"
"Tatatila","Veracruz de Ignacio de la Llave","221"
"Tantoyuca","Veracruz de Ignacio de la Llave","222"
"Tantima","Veracruz de Ignacio de la Llave","223"
"Tancoco","Veracruz de Ignacio de la Llave","224"
"Tampico Alto","Veracruz de Ignacio de la Llave","225"
"Tamiahua","Veracruz de Ignacio de la Llave","226"
"Tamalín","Veracruz de Ignacio de la Llave","227"
"Soteapan","Veracruz de Ignacio de la Llave","228"
"Soledad de Doblado","Veracruz de Ignacio de la Llave","229"
"Soledad Atzompa","Veracruz de Ignacio de la Llave","230"
"Sochiapa","Veracruz de Ignacio de la Llave","231"
"Soconusco","Veracruz de Ignacio de la Llave","232"
"Sayula de Alemán","Veracruz de Ignacio de la Llave","233"
"Santiago Tuxtla","Veracruz de Ignacio de la Llave","234"
"San Juan Evangelista","Veracruz de Ignacio de la Llave","235"
"San Andrés Tuxtla","Veracruz de Ignacio de la Llave","236"
"San Andrés Tenejapan","Veracruz de Ignacio de la Llave","237"
"Saltabarranca","Veracruz de Ignacio de la Llave","238"
"Río Blanco","Veracruz de Ignacio de la Llave","239"
"Los Reyes","Veracruz de Ignacio de la Llave","240"
"Las Vigas de Ramírez","Veracruz de Ignacio de la Llave","241"
"Rafael Lucio","Veracruz de Ignacio de la Llave","242"
"Rafael Delgado","Veracruz de Ignacio de la Llave","243"
"Puente Nacional","Veracruz de Ignacio de la Llave","244"
"Pueblo Viejo","Veracruz de Ignacio de la Llave","245"
"Poza Rica de Hidalgo","Veracruz de Ignacio de la Llave","246"
"Playa Vicente","Veracruz de Ignacio de la Llave","247"
"Platón Sánchez","Veracruz de Ignacio de la Llave","248"
"Perote","Veracruz de Ignacio de la Llave","249"
"La Perla","Veracruz de Ignacio de la Llave","250"
"Paso de Ovejas","Veracruz de Ignacio de la Llave","251"
"Paso del Macho","Veracruz de Ignacio de la Llave","252"
"Papantla","Veracruz de Ignacio de la Llave","253"
"Pánuco","Veracruz de Ignacio de la Llave","254"
"Pajapan","Veracruz de Ignacio de la Llave","255"
"Ozuluama","Veracruz de Ignacio de la Llave","256"
"Oteapan","Veracruz de Ignacio de la Llave","257"
"Otatitlán","Veracruz de Ignacio de la Llave","258"
"Orizaba","Veracruz de Ignacio de la Llave","259"
"Omealca","Veracruz de Ignacio de la Llave","260"
"Oluta","Veracruz de Ignacio de la Llave","261"
"Nogales","Veracruz de Ignacio de la Llave","262"
"Nautla","Veracruz de Ignacio de la Llave","263"
"Naranjal","Veracruz de Ignacio de la Llave","264"
"Naolinco","Veracruz de Ignacio de la Llave","265"
"Moloacán","Veracruz de Ignacio de la Llave","266"
"Mixtla de Altamirano","Veracruz de Ignacio de la Llave","267"
"Misantla","Veracruz de Ignacio de la Llave","268"
"Minatitlán","Veracruz de Ignacio de la Llave","269"
"Las Minas","Veracruz de Ignacio de la Llave","270"
"Miahuatlán","Veracruz de Ignacio de la Llave","271"
"Medellín","Veracruz de Ignacio de la Llave","272"
"Mecayapan","Veracruz de Ignacio de la Llave","273"
"Mecatlán","Veracruz de Ignacio de la Llave","274"
"Martínez de la Torre","Veracruz de Ignacio de la Llave","275"
"Mariano Escobedo","Veracruz de Ignacio de la Llave","276"
"Manlio Fabio Altamirano","Veracruz de Ignacio de la Llave","277"
"Maltrata","Veracruz de Ignacio de la Llave","278"
"Magdalena","Veracruz de Ignacio de la Llave","279"
"Lerdo de Tejada","Veracruz de Ignacio de la Llave","280"
"Landero Y Coss","Veracruz de Ignacio de la Llave","281"
"Juchique de Ferrer","Veracruz de Ignacio de la Llave","282"
"Juan Rodríguez Clara","Veracruz de Ignacio de la Llave","283"
"Jilotepec","Veracruz de Ignacio de la Llave","284"
"Jesús Carranza","Veracruz de Ignacio de la Llave","285"
"Jamapa","Veracruz de Ignacio de la Llave","286"
"Jáltipan","Veracruz de Ignacio de la Llave","287"
"Jalcomulco","Veracruz de Ignacio de la Llave","288"
"Xalapa","Veracruz de Ignacio de la Llave","289"
"Jalacingo","Veracruz de Ignacio de la Llave","290"
"Ixtaczoquitlán","Veracruz de Ignacio de la Llave","291"
"Ixmatlahuacan","Veracruz de Ignacio de la Llave","292"
"Ixhuatlancillo","Veracruz de Ignacio de la Llave","293"
"Ixhuatlán del Sureste","Veracruz de Ignacio de la Llave","294"
"Ixhuatlán del Café","Veracruz de Ignacio de la Llave","295"
"Ixhuatlán de Madero","Veracruz de Ignacio de la Llave","296"
"Ixhuacán de los Reyes","Veracruz de Ignacio de la Llave","297"
"Ixcatepec","Veracruz de Ignacio de la Llave","298"
"Isla","Veracruz de Ignacio de la Llave","299"
"Ilamatlán","Veracruz de Ignacio de la Llave","300"
"Ignacio de la Llave","Veracruz de Ignacio de la Llave","301"
"Huiloapan de Cuauhtemoc","Veracruz de Ignacio de la Llave","302"
"Hueyapan de Ocampo","Veracruz de Ignacio de la Llave","303"
"Huayacocotla","Veracruz de Ignacio de la Llave","304"
"Huatusco","Veracruz de Ignacio de la Llave","305"
"Hidalgotitlán","Veracruz de Ignacio de la Llave","306"
"Gutiérrez Zamora","Veracruz de Ignacio de la Llave","307"
"Fortín","Veracruz de Ignacio de la Llave","308"
"Filomeno Mata","Veracruz de Ignacio de la Llave","309"
"Espinal","Veracruz de Ignacio de la Llave","310"
"Emiliano Zapata","Veracruz de Ignacio de la Llave","311"
"Chumatlán","Veracruz de Ignacio de la Llave","312"
"Chontla","Veracruz de Ignacio de la Llave","313"
"Chocamán","Veracruz de Ignacio de la Llave","314"
"Las Choapas","Veracruz de Ignacio de la Llave","315"
"Chinampa de Gorostiza","Veracruz de Ignacio de la Llave","316"
"Chinameca","Veracruz de Ignacio de la Llave","317"
"Chicontepec","Veracruz de Ignacio de la Llave","318"
"Chiconquiaco","Veracruz de Ignacio de la Llave","319"
"Chiconamel","Veracruz de Ignacio de la Llave","320"
"Chalma","Veracruz de Ignacio de la Llave","321"
"Chacaltianguis","Veracruz de Ignacio de la Llave","322"
"Cuitláhuac","Veracruz de Ignacio de la Llave","323"
"Cuichapa","Veracruz de Ignacio de la Llave","324"
"Coyutla","Veracruz de Ignacio de la Llave","325"
"Coxquihui","Veracruz de Ignacio de la Llave","326"
"Cotaxtla","Veracruz de Ignacio de la Llave","327"
"Cosoleacaque","Veracruz de Ignacio de la Llave","328"
"Coscomatepec","Veracruz de Ignacio de la Llave","329"
"Cosautlán de Carvajal","Veracruz de Ignacio de la Llave","330"
"Cosamaloapan","Veracruz de Ignacio de la Llave","331"
"Córdoba","Veracruz de Ignacio de la Llave","332"
"Comapa","Veracruz de Ignacio de la Llave","333"
"Colipa","Veracruz de Ignacio de la Llave","334"
"Coetzala","Veracruz de Ignacio de la Llave","335"
"Coatzintla","Veracruz de Ignacio de la Llave","336"
"Coatzacoalcos","Veracruz de Ignacio de la Llave","337"
"Coatepec","Veracruz de Ignacio de la Llave","338"
"Coahuitlán","Veracruz de Ignacio de la Llave","339"
"Coacoatzintla","Veracruz de Ignacio de la Llave","340"
"Citlaltépetl","Veracruz de Ignacio de la Llave","341"
"Cerro Azul","Veracruz de Ignacio de la Llave","342"
"Cazones de Herrera","Veracruz de Ignacio de la Llave","343"
"Catemaco","Veracruz de Ignacio de la Llave","344"
"Castillo de Teayo","Veracruz de Ignacio de la Llave","345"
"Carrillo Puerto","Veracruz de Ignacio de la Llave","346"
"Camerino Z. Mendoza","Veracruz de Ignacio de la Llave","347"
"Calcahualco","Veracruz de Ignacio de la Llave","348"
"Boca del Río","Veracruz de Ignacio de la Llave","349"
"Benito Juárez","Veracruz de Ignacio de la Llave","350"
"Banderilla","Veracruz de Ignacio de la Llave","351"
"Ayahualulco","Veracruz de Ignacio de la Llave","352"
"Tlaltetela","Veracruz de Ignacio de la Llave","353"
"Atzalan","Veracruz de Ignacio de la Llave","354"
"Atzacan","Veracruz de Ignacio de la Llave","355"
"Atoyac","Veracruz de Ignacio de la Llave","356"
"Atlahuilco","Veracruz de Ignacio de la Llave","357"
"Astacinga","Veracruz de Ignacio de la Llave","358"
"Aquila","Veracruz de Ignacio de la Llave","359"
"Apazapan","Veracruz de Ignacio de la Llave","360"
"La Antigua","Veracruz de Ignacio de la Llave","361"
"Angel R. Cabada","Veracruz de Ignacio de la Llave","362"
"Naranjos Amatlán","Veracruz de Ignacio de la Llave","363"
"Amatlán de los Reyes","Veracruz de Ignacio de la Llave","364"
"Amatitlán","Veracruz de Ignacio de la Llave","365"
"Alvarado","Veracruz de Ignacio de la Llave","366"
"Altotonga","Veracruz de Ignacio de la Llave","367"
"Alto Lucero de Gutiérrez Barrios","Veracruz de Ignacio de la Llave","368"
"Alpatláhuac","Veracruz de Ignacio de la Llave","369"
"Temapache","Veracruz de Ignacio de la Llave","370"
"Camarón de Tejeda","Veracruz de Ignacio de la Llave","371"
"Acultzingo","Veracruz de Ignacio de la Llave","372"
"Acula","Veracruz de Ignacio de la Llave","373"
"Actopan","Veracruz de Ignacio de la Llave","374"
"Acayucan","Veracruz de Ignacio de la Llave","375"
"Acatlán","Veracruz de Ignacio de la Llave","376"
"Acajete","Veracruz de Ignacio de la Llave","377"
"Benito Juárez","Tlaxcala","378"
"San Lorenzo Axocomanitla","Tlaxcala","379"
"Santa Ana Nopalucan","Tlaxcala","380"
"San Lucas Tecopilco","Tlaxcala","381"
"San Jerónimo Zacualpan","Tlaxcala","382"
"Lázaro Cárdenas","Tlaxcala","383"
"Emiliano Zapata","Tlaxcala","384"
"San Damián Texoloc","Tlaxcala","385"
"La Magdalena Tlaltelulco","Tlaxcala","386"
"San Francisco Tetlanohcan","Tlaxcala","387"
"San José Teacalco","Tlaxcala","388"
"Santa Isabel Xiloxoxtla","Tlaxcala","389"
"Santa Catarina Ayometla","Tlaxcala","390"
"San Juan Huactzinco","Tlaxcala","391"
"Santa Cruz Quilehtla","Tlaxcala","392"
"Santa Apolonia Teacalco","Tlaxcala","393"
"Zacatelco","Tlaxcala","394"
"Yauhquemecan","Tlaxcala","395"
"Xicohtzinco","Tlaxcala","396"
"Papalotla de Xicohtencatl","Tlaxcala","397"
"Xaltocan","Tlaxcala","398"
"Xaloztoc","Tlaxcala","399"
"Tzompantepec","Tlaxcala","400"
"Zitlaltepec de Trinidad Sánchez Santos","Tlaxcala","401"
"Totolac","Tlaxcala","402"
"Tocatlán","Tlaxcala","403"
"Tlaxco","Tlaxcala","404"
"Tlaxcala","Tlaxcala","405"
"Tetlatlahuca","Tlaxcala","406"
"Tetla de la Solidaridad","Tlaxcala","407"
"Terrenate","Tlaxcala","408"
"Tepeyanco","Tlaxcala","409"
"Teolocholco","Tlaxcala","410"
"Tenancingo","Tlaxcala","411"
"Santa Cruz Tlaxcala","Tlaxcala","412"
"San Pablo del Monte","Tlaxcala","413"
"Panotla","Tlaxcala","414"
"Natívitas","Tlaxcala","415"
"Acuamanala de Miguel Hidalgo","Tlaxcala","416"
"Nanacamilpa de Mariano Arista","Tlaxcala","417"
"Sanctórum de Lázaro Cárdenas","Tlaxcala","418"
"Tepetitla de Lardizábal","Tlaxcala","419"
"Contla de Juan Cuamatzi","Tlaxcala","420"
"Mazatecochco de José María Morelos","Tlaxcala","421"
"Ixtenco","Tlaxcala","422"
"Ixtacuixtla de Mariano Matamoros","Tlaxcala","423"
"Hueyotlipan","Tlaxcala","424"
"Huamantla","Tlaxcala","425"
"Españita","Tlaxcala","426"
"Muñoz de Domingo Arenas","Tlaxcala","427"
"Chiautempan","Tlaxcala","428"
"Cuaxomulco","Tlaxcala","429"
"Cuapiaxtla","Tlaxcala","430"
"El Carmen Tequexquitla","Tlaxcala","431"
"Calpulálpan","Tlaxcala","432"
"Altzayanca","Tlaxcala","433"
"Atlangatepec","Tlaxcala","434"
"Apizaco","Tlaxcala","435"
"Apetatitlán de Antonio Carvajal","Tlaxcala","436"
"Amaxac de Guerrero","Tlaxcala","437"
"Xicoténcatl","Tamaulipas","438"
"Villagrán","Tamaulipas","439"
"Victoria","Tamaulipas","440"
"Valle Hermoso","Tamaulipas","441"
"Tula","Tamaulipas","442"
"Tampico","Tamaulipas","443"
"Soto La Marina","Tamaulipas","444"
"San Nicolás","Tamaulipas","445"
"San Fernando","Tamaulipas","446"
"San Carlos","Tamaulipas","447"
"Río Bravo","Tamaulipas","448"
"Reynosa","Tamaulipas","449"
"Palmillas","Tamaulipas","450"
"Padilla","Tamaulipas","451"
"Ocampo","Tamaulipas","452"
"Nuevo Morelos","Tamaulipas","453"
"Nuevo Laredo","Tamaulipas","454"
"Miquihuana","Tamaulipas","455"
"Miguel Alemán","Tamaulipas","456"
"Mier","Tamaulipas","457"
"Méndez","Tamaulipas","458"
"Matamoros","Tamaulipas","459"
"El Mante","Tamaulipas","460"
"Mainero","Tamaulipas","461"
"Llera","Tamaulipas","462"
"Jiménez","Tamaulipas","463"
"Jaumave","Tamaulipas","464"
"Hidalgo","Tamaulipas","465"
"Gustavo Díaz Ordaz","Tamaulipas","466"
"Guerrero","Tamaulipas","467"
"Güemez","Tamaulipas","468"
"González","Tamaulipas","469"
"Gómez Farías","Tamaulipas","470"
"Cruillas","Tamaulipas","471"
"Ciudad Madero","Tamaulipas","472"
"Casas","Tamaulipas","473"
"Camargo","Tamaulipas","474"
"Bustamante","Tamaulipas","475"
"Burgos","Tamaulipas","476"
"Antiguo Morelos","Tamaulipas","477"
"Altamira","Tamaulipas","478"
"Aldama","Tamaulipas","479"
"Abasolo","Tamaulipas","480"
"Tenosique","Tabasco","481"
"Teapa","Tabasco","482"
"Tacotalpa","Tabasco","483"
"Paraíso","Tabasco","484"
"Nacajuca","Tabasco","485"
"Macuspana","Tabasco","486"
"Jonuta","Tabasco","487"
"Jalpa de Méndez","Tabasco","488"
"Jalapa","Tabasco","489"
"Huimanguillo","Tabasco","490"
"Emiliano Zapata","Tabasco","491"
"Cunduacán","Tabasco","492"
"Comalcalco","Tabasco","493"
"Centro","Tabasco","494"
"Centla","Tabasco","495"
"Cárdenas","Tabasco","496"
"Balancán","Tabasco","497"
"San Ignacio Río Muerto","Sonora","498"
"Benito Juárez","Sonora","499"
"General Plutarco Elías Calles","Sonora","500"
"Yécora","Sonora","501"
"Rosario","Sonora","502"
"Quiriego","Sonora","503"
"Onavas","Sonora","504"
"Navojoa","Sonora","505"
"Huatabampo","Sonora","506"
"Etchojoa","Sonora","507"
"Alamos","Sonora","508"
"Guaymas","Sonora","509"
"Empalme","Sonora","510"
"Cajeme","Sonora","511"
"Bácum","Sonora","512"
"Ures","Sonora","513"
"San Miguel de Horcasitas","Sonora","514"
"San Luis Río Colorado","Sonora","515"
"Rayón","Sonora","516"
"Puerto Peñasco","Sonora","517"
"Pitiquito","Sonora","518"
"Opodepe","Sonora","519"
"Mazatán","Sonora","520"
"Hermosillo","Sonora","521"
"La Colorada","Sonora","522"
"Carbó","Sonora","523"
"Caborca","Sonora","524"
"Villa Pesqueira","Sonora","525"
"Villa Hidalgo","Sonora","526"
"Tubutama","Sonora","527"
"Trincheras","Sonora","528"
"Tepache","Sonora","529"
"Suaqui Grande","Sonora","530"
"Soyopa","Sonora","531"
"Sáric","Sonora","532"
"Santa Cruz","Sonora","533"
"Santa Ana","Sonora","534"
"San Pedro de la Cueva","Sonora","535"
"San Javier","Sonora","536"
"San Felipe de Jesús","Sonora","537"
"Sahuaripa","Sonora","538"
"Oquitoa","Sonora","539"
"Nogales","Sonora","540"
"Nacozari de García","Sonora","541"
"Nácori Chico","Sonora","542"
"Naco","Sonora","543"
"Moctezuma","Sonora","544"
"Magdalena","Sonora","545"
"Imuris","Sonora","546"
"Huépac","Sonora","547"
"Huásabas","Sonora","548"
"Huachinera","Sonora","549"
"Granados","Sonora","550"
"Fronteras","Sonora","551"
"Divisaderos","Sonora","552"
"Cumpas","Sonora","553"
"Cucurpe","Sonora","554"
"Cananea","Sonora","555"
"Benjamín Hill","Sonora","556"
"Bavispe","Sonora","557"
"Baviácora","Sonora","558"
"Banámichi","Sonora","559"
"Bacoachi","Sonora","560"
"Bacerac","Sonora","561"
"Bacanora","Sonora","562"
"Bacadéhuachi","Sonora","563"
"Atil","Sonora","564"
"Arizpe","Sonora","565"
"Arivechi","Sonora","566"
"Altar","Sonora","567"
"Agua Prieta","Sonora","568"
"Aconchi","Sonora","569"
"Navolato","Sinaloa","570"
"Sinaloa","Sinaloa","571"
"San Ignacio","Sinaloa","572"
"Salvador Alvarado","Sinaloa","573"
"Rosario","Sinaloa","574"
"Mocorito","Sinaloa","575"
"Mazatlán","Sinaloa","576"
"Guasave","Sinaloa","577"
"El Fuerte","Sinaloa","578"
"Escuinapa","Sinaloa","579"
"Elota","Sinaloa","580"
"Choix","Sinaloa","581"
"Culiacán","Sinaloa","582"
"Cosalá","Sinaloa","583"
"Concordia","Sinaloa","584"
"Badiraguato","Sinaloa","585"
"Angostura","Sinaloa","586"
"Ahome","Sinaloa","587"
"Matlapa","San Luis Potosí","588"
"El Naranjo","San Luis Potosí","589"
"Zaragoza","San Luis Potosí","590"
"Xilitla","San Luis Potosí","591"
"Axtla de Terrazas","San Luis Potosí","592"
"Villa Juárez","San Luis Potosí","593"
"Villa Hidalgo","San Luis Potosí","594"
"Villa de Reyes","San Luis Potosí","595"
"Villa de Ramos","San Luis Potosí","596"
"Villa de la Paz","San Luis Potosí","597"
"Villa de Guadalupe","San Luis Potosí","598"
"Villa de Arriaga","San Luis Potosí","599"
"Villa de Arista","San Luis Potosí","600"
"Venado","San Luis Potosí","601"
"Vanegas","San Luis Potosí","602"
"Tierra Nueva","San Luis Potosí","603"
"Tanquián de Escobedo","San Luis Potosí","604"
"Tanlajás","San Luis Potosí","605"
"Tamuín","San Luis Potosí","606"
"Tampamolón Corona","San Luis Potosí","607"
"Tampacán","San Luis Potosí","608"
"Tamazunchale","San Luis Potosí","609"
"Tamasopo","San Luis Potosí","610"
"Soledad de Graciano Sánchez","San Luis Potosí","611"
"Santo Domingo","San Luis Potosí","612"
"Santa María del Río","San Luis Potosí","613"
"Santa Catarina","San Luis Potosí","614"
"San Vicente Tancuayalab","San Luis Potosí","615"
"San Nicolás Tolentino","San Luis Potosí","616"
"San Martín Chalchicuautla","San Luis Potosí","617"
"San Luis Potosí","San Luis Potosí","618"
"San Ciro de Acosta","San Luis Potosí","619"
"San Antonio","San Luis Potosí","620"
"Salinas","San Luis Potosí","621"
"Rioverde","San Luis Potosí","622"
"Rayón","San Luis Potosí","623"
"Moctezuma","San Luis Potosí","624"
"Mexquitic de Carmona","San Luis Potosí","625"
"Matehuala","San Luis Potosí","626"
"Lagunillas","San Luis Potosí","627"
"Huehuetlán","San Luis Potosí","628"
"Guadalcázar","San Luis Potosí","629"
"Ebano","San Luis Potosí","630"
"Charcas","San Luis Potosí","631"
"Coxcatlán","San Luis Potosí","632"
"Ciudad Valles","San Luis Potosí","633"
"Tancanhuitz","San Luis Potosí","634"
"Ciudad Fernández","San Luis Potosí","635"
"Ciudad del Maíz","San Luis Potosí","636"
"Cerro de San Pedro","San Luis Potosí","637"
"Cerritos","San Luis Potosí","638"
"Cedral","San Luis Potosí","639"
"Catorce","San Luis Potosí","640"
"Cárdenas","San Luis Potosí","641"
"Armadillo de los Infante","San Luis Potosí","642"
"Aquismón","San Luis Potosí","643"
"Alaquines","San Luis Potosí","644"
"Ahualulco","San Luis Potosí","645"
"Solidaridad","Quintana Roo","646"
"Othón P. Blanco","Quintana Roo","647"
"Lázaro Cárdenas","Quintana Roo","648"
"José María Morelos","Quintana Roo","649"
"Isla Mujeres","Quintana Roo","650"
"Felipe Carrillo Puerto","Quintana Roo","651"
"Cozumel","Quintana Roo","652"
"Benito Juárez","Quintana Roo","653"
"Tolimán","Querétaro","654"
"Tequisquiapan","Querétaro","655"
"San Juan del Río","Querétaro","656"
"San Joaquín","Querétaro","657"
"Querétaro","Querétaro","658"
"Pinal de Amoles","Querétaro","659"
"Peñamiller","Querétaro","660"
"Pedro Escobedo","Querétaro","661"
"El Marqués","Querétaro","662"
"Landa de Matamoros","Querétaro","663"
"Jalpan de Serra","Querétaro","664"
"Huimilpan","Querétaro","665"
"Ezequiel Montes","Querétaro","666"
"Corregidora","Querétaro","667"
"Colón","Querétaro","668"
"Cadereyta de Montes","Querétaro","669"
"Arroyo Seco","Querétaro","670"
"Amealco de Bonfil","Querétaro","671"
"Zoquitlán","Puebla","672"
"Zoquiapan","Puebla","673"
"Zongozotla","Puebla","674"
"Zinacatepec","Puebla","675"
"Zihuateutla","Puebla","676"
"Zautla","Puebla","677"
"Zaragoza","Puebla","678"
"Zapotitlán de Méndez","Puebla","679"
"Zapotitlán","Puebla","680"
"Zacatlán","Puebla","681"
"Zacapoaxtla","Puebla","682"
"Zacapala","Puebla","683"
"Yehualtepec","Puebla","684"
"Yaonáhuac","Puebla","685"
"Xochitlán Todos Santos","Puebla","686"
"Xochitlán de Vicente Suárez","Puebla","687"
"Xochiltepec","Puebla","688"
"Xochiapulco","Puebla","689"
"Xiutetelco","Puebla","690"
"Xicotlán","Puebla","691"
"Xicotepec","Puebla","692"
"Xayacatlán de Bravo","Puebla","693"
"Vicente Guerrero","Puebla","694"
"Venustiano Carranza","Puebla","695"
"Tzicatlacoyan","Puebla","696"
"Tuzamapan de Galeana","Puebla","697"
"Tulcingo","Puebla","698"
"Totoltepec de Guerrero","Puebla","699"
"Tochtepec","Puebla","700"
"Tochimilco","Puebla","701"
"Tlaxco","Puebla","702"
"Tlatlauquitepec","Puebla","703"
"Tlapanalá","Puebla","704"
"Tlapacoya","Puebla","705"
"Tlaola","Puebla","706"
"Tlanepantla","Puebla","707"
"Tlaltenango","Puebla","708"
"Tlahuapan","Puebla","709"
"Tlachichuca","Puebla","710"
"Tlacuilotepec","Puebla","711"
"San Sebastián Tlacotepec","Puebla","712"
"Tlacotepec de Benito Juárez","Puebla","713"
"Tilapa","Puebla","714"
"Tianguismanalco","Puebla","715"
"Teziutlán","Puebla","716"
"Teteles de Avila Castillo","Puebla","717"
"Tetela de Ocampo","Puebla","718"
"Tepeyahualco de Cuauhtémoc","Puebla","719"
"Tepeyahualco","Puebla","720"
"Tepexi de Rodríguez","Puebla","721"
"Tepexco","Puebla","722"
"Tepetzintla","Puebla","723"
"Tepeojuma","Puebla","724"
"Tepemaxalco","Puebla","725"
"Tepeaca","Puebla","726"
"Tepatlaxco de Hidalgo","Puebla","727"
"Tepango de Rodríguez","Puebla","728"
"Tepanco de López","Puebla","729"
"Teotlalco","Puebla","730"
"Teopantlán","Puebla","731"
"Tenampulco","Puebla","732"
"Tehuitzingo","Puebla","733"
"Tehuacán","Puebla","734"
"Tecomatlán","Puebla","735"
"Tecamachalco","Puebla","736"
"Tecali de Herrera","Puebla","737"
"Soltepec","Puebla","738"
"Santo Tomás Hueyotlipan","Puebla","739"
"Santiago Miahuatlán","Puebla","740"
"Santa Isabel Cholula","Puebla","741"
"Santa Inés Ahuatempan","Puebla","742"
"Santa Catarina Tlaltempan","Puebla","743"
"San Salvador Huixcolotla","Puebla","744"
"San Salvador El Verde","Puebla","745"
"San Salvador El Seco","Puebla","746"
"San Pedro Yeloixtlahuaca","Puebla","747"
"San Pedro Cholula","Puebla","748"
"San Pablo Anicano","Puebla","749"
"San Nicolás de los Ranchos","Puebla","750"
"San Nicolás Buenos Aires","Puebla","751"
"San Miguel Xoxtla","Puebla","752"
"San Miguel Ixitlán","Puebla","753"
"San Matías Tlalancaleca","Puebla","754"
"San Martín Totoltepec","Puebla","755"
"San Martín Texmelucan","Puebla","756"
"San Juan Atzompa","Puebla","757"
"San Juan Atenco","Puebla","758"
"San José Miahuatlán","Puebla","759"
"San José Chiapa","Puebla","760"
"San Jerónimo Xayacatlán","Puebla","761"
"San Jerónimo Tecuanipan","Puebla","762"
"San Gregorio Atzompa","Puebla","763"
"San Gabriel Chilac","Puebla","764"
"San Felipe Tepatlán","Puebla","765"
"San Felipe Teotlalcingo","Puebla","766"
"San Diego La Mesa Tochimiltzingo","Puebla","767"
"San Antonio Cañada","Puebla","768"
"San Andrés Cholula","Puebla","769"
"Los Reyes de Juárez","Puebla","770"
"Rafael Lara Grajales","Puebla","771"
"Quimixtlán","Puebla","772"
"Quecholac","Puebla","773"
"Puebla","Puebla","774"
"Piaxtla","Puebla","775"
"Petlalcingo","Puebla","776"
"Pantepec","Puebla","777"
"Palmar de Bravo","Puebla","778"
"Pahuatlán","Puebla","779"
"Oriental","Puebla","780"
"Olintla","Puebla","781"
"Ocoyucan","Puebla","782"
"Ocotepec","Puebla","783"
"Nopalucan","Puebla","784"
"Nicolás Bravo","Puebla","785"
"Nealtican","Puebla","786"
"Nauzontla","Puebla","787"
"Naupan","Puebla","788"
"Molcaxac","Puebla","789"
"Mixtla","Puebla","790"
"Mazapiltepec de Juárez","Puebla","791"
"La Magdalena Tlatlauquitepec","Puebla","792"
"Libres","Puebla","793"
"Lafragua","Puebla","794"
"Juan N. Méndez","Puebla","795"
"Juan Galindo","Puebla","796"
"Juan C. Bonilla","Puebla","797"
"Jopala","Puebla","798"
"Jonotla","Puebla","799"
"Jolalpan","Puebla","800"
"Jalpan","Puebla","801"
"Izúcar de Matamoros","Puebla","802"
"Ixtepec","Puebla","803"
"Ixtacamaxtitlán","Puebla","804"
"Ixcaquixtla","Puebla","805"
"Ixcamilpa de Guerrero","Puebla","806"
"Atlequizayan","Puebla","807"
"Huitziltepec","Puebla","808"
"Huitzilan de Serdán","Puebla","809"
"Hueytlalpan","Puebla","810"
"Hueytamalco","Puebla","811"
"Hueyapan","Puebla","812"
"Huejotzingo","Puebla","813"
"Huehuetlán El Grande","Puebla","814"
"Huehuetlán El Chico","Puebla","815"
"Huehuetla","Puebla","816"
"Huauchinango","Puebla","817"
"Huatlatlauca","Puebla","818"
"Huaquechula","Puebla","819"
"Hermenegildo Galeana","Puebla","820"
"Guadalupe Victoria","Puebla","821"
"Guadalupe","Puebla","822"
"General Felipe Angeles","Puebla","823"
"Francisco Z. Mena","Puebla","824"
"Esperanza","Puebla","825"
"Epatlán","Puebla","826"
"Eloxochitlán","Puebla","827"
"Domingo Arenas","Puebla","828"
"Chinantla","Puebla","829"
"Chilchotla","Puebla","830"
"Honey","Puebla","831"
"Chila de la Sal","Puebla","832"
"Chila","Puebla","833"
"Chignautla","Puebla","834"
"Chignahuapan","Puebla","835"
"Chigmecatitlán","Puebla","836"
"Chietla","Puebla","837"
"Chichiquila","Puebla","838"
"Chiconcuautla","Puebla","839"
"Chiautzingo","Puebla","840"
"Chiautla","Puebla","841"
"Chapulco","Puebla","842"
"Chalchicomula de Sesma","Puebla","843"
"Cuyoaco","Puebla","844"
"Cuetzalan del Progreso","Puebla","845"
"Cuayuca de Andrade","Puebla","846"
"Cuautlancingo","Puebla","847"
"Cuautinchán","Puebla","848"
"Cuautempan","Puebla","849"
"Cuapiaxtla de Madero","Puebla","850"
"Coyotepec","Puebla","851"
"Coyomeapan","Puebla","852"
"Coxcatlán","Puebla","853"
"Coronango","Puebla","854"
"Cohuecán","Puebla","855"
"Cohetzala","Puebla","856"
"Coatzingo","Puebla","857"
"Coatepec","Puebla","858"
"Caxhuacan","Puebla","859"
"Cañada Morelos","Puebla","860"
"Camocuautla","Puebla","861"
"Caltepec","Puebla","862"
"Calpan","Puebla","863"
"Ayotoxco de Guerrero","Puebla","864"
"Axutla","Puebla","865"
"Atzitzintla","Puebla","866"
"Atzitzihuacán","Puebla","867"
"Atzala","Puebla","868"
"Atoyatempan","Puebla","869"
"Atlixco","Puebla","870"
"Atexcal","Puebla","871"
"Atempan","Puebla","872"
"Aquixtla","Puebla","873"
"Amozoc","Puebla","874"
"Amixtlán","Puebla","875"
"Altepexi","Puebla","876"
"Aljojuca","Puebla","877"
"Albino Zertuche","Puebla","878"
"Ajalpan","Puebla","879"
"Ahuehuetitla","Puebla","880"
"Ahuazotepec","Puebla","881"
"Ahuatlán","Puebla","882"
"Ahuacatlán","Puebla","883"
"Acteopan","Puebla","884"
"Acatzingo","Puebla","885"
"Acatlán","Puebla","886"
"Acateno","Puebla","887"
"Acajete","Puebla","888"
"Zimatlán de Alvarez","Oaxaca","889"
"Zapotitlán Palmas","Oaxaca","890"
"Zapotitlán Lagunas","Oaxaca","891"
"Zapotitlán del Río","Oaxaca","892"
"Villa de Zaachila","Oaxaca","893"
"Yutanduchi de Guerrero","Oaxaca","894"
"Yogana","Oaxaca","895"
"Yaxe","Oaxaca","896"
"Villa Hidalgo","Oaxaca","897"
"Villa Díaz Ordaz","Oaxaca","898"
"Villa de Etla","Oaxaca","899"
"Capulálpam de Méndez","Oaxaca","900"
"Valerio Trujano","Oaxaca","901"
"Unión Hidalgo","Oaxaca","902"
"La Trinidad Vista Hermosa","Oaxaca","903"
"Trinidad Zaachila","Oaxaca","904"
"Totontepec Villa de Morelos","Oaxaca","905"
"Heroica Ciudad de Tlaxiaco","Oaxaca","906"
"Tlalixtac de Cabrera","Oaxaca","907"
"Tlacotepec Plumas","Oaxaca","908"
"Tlacolula de Matamoros","Oaxaca","909"
"Tezoatlán de Segura y Luna","Oaxaca","910"
"Tepelmeme Villa de Morelos","Oaxaca","911"
"Teotongo","Oaxaca","912"
"Teotitlán del Valle","Oaxaca","913"
"Teotitlán de Flores Magón","Oaxaca","914"
"Teococuilco de Marcos Pérez","Oaxaca","915"
"Villa Tejúpam de la Unión","Oaxaca","916"
"Tataltepec de Valdés","Oaxaca","917"
"Tanetze de Zaragoza","Oaxaca","918"
"Tamazulapam del Espíritu Santo","Oaxaca","919"
"Villa de Tamazulápam del Progreso","Oaxaca","920"
"Taniche","Oaxaca","921"
"Soledad Etla","Oaxaca","922"
"Villa Sola de Vega","Oaxaca","923"
"Sitio de Xitlapehua","Oaxaca","924"
"Silacayoápam","Oaxaca","925"
"Santos Reyes Yucuná","Oaxaca","926"
"Santos Reyes Tepejillo","Oaxaca","927"
"Santos Reyes Pápalo","Oaxaca","928"
"Santos Reyes Nopala","Oaxaca","929"
"Santo Tomás Tamazulapan","Oaxaca","930"
"Santo Tomás Ocotepec","Oaxaca","931"
"Santo Tomás Mazaltepec","Oaxaca","932"
"Santo Tomás Jalieza","Oaxaca","933"
"Santo Domingo Zanatepec","Oaxaca","934"
"Santo Domingo Yodohino","Oaxaca","935"
"Santo Domingo Yanhuitlán","Oaxaca","936"
"Santo Domingo Xagacía","Oaxaca","937"
"Santo Domingo Tonaltepec","Oaxaca","938"
"Santo Domingo Tonalá","Oaxaca","939"
"Santo Domingo Tomaltepec","Oaxaca","940"
"Santo Domingo Tlatayápam","Oaxaca","941"
"Santo Domingo Tepuxtepec","Oaxaca","942"
"Santo Domingo Teojomulco","Oaxaca","943"
"Santo Domingo Tehuantepec","Oaxaca","944"
"Santo Domingo Roayaga","Oaxaca","945"
"Santo Domingo Petapa","Oaxaca","946"
"Santo Domingo Ozolotepec","Oaxaca","947"
"Santo Domingo Nuxaá","Oaxaca","948"
"Santo Domingo Ixcatlán","Oaxaca","949"
"Santo Domingo Ingenio","Oaxaca","950"
"Santo Domingo de Morelos","Oaxaca","951"
"Santo Domingo Chihuitán","Oaxaca","952"
"Santo Domingo Armenta","Oaxaca","953"
"Santo Domingo Albarradas","Oaxaca","954"
"Santiago Zoochila","Oaxaca","955"
"Santiago Zacatepec","Oaxaca","956"
"Santiago Yucuyachi","Oaxaca","957"
"Santiago Yosondúa","Oaxaca","958"
"Santiago Yolomécatl","Oaxaca","959"
"Santiago Yaveo","Oaxaca","960"
"Santiago Yaitepec","Oaxaca","961"
"Santiago Xiacuí","Oaxaca","962"
"Santiago Xanica","Oaxaca","963"
"Santiago Tlazoyaltepec","Oaxaca","964"
"Santiago Tillo","Oaxaca","965"
"Santiago Tilantongo","Oaxaca","966"
"Santiago Textitlán","Oaxaca","967"
"Santiago Texcalcingo","Oaxaca","968"
"Santiago Tetepec","Oaxaca","969"
"Santiago Tepetlapa","Oaxaca","970"
"Santiago Tenango","Oaxaca","971"
"Santiago Tapextla","Oaxaca","972"
"Santiago Tamazola","Oaxaca","973"
"Santiago Suchilquitongo","Oaxaca","974"
"Santiago Pinotepa Nacional","Oaxaca","975"
"Santiago Nuyoó","Oaxaca","976"
"Santiago Nundiche","Oaxaca","977"
"Santiago Niltepec","Oaxaca","978"
"Santiago Nejapilla","Oaxaca","979"
"Santiago Nacaltepec","Oaxaca","980"
"Santiago Minas","Oaxaca","981"
"Santiago Miltepec","Oaxaca","982"
"Santiago Matatlán","Oaxaca","983"
"Santiago Llano Grande","Oaxaca","984"
"Santiago Laxopa","Oaxaca","985"
"Santiago Laollaga","Oaxaca","986"
"Santiago Lalopa","Oaxaca","987"
"Santiago Lachiguiri","Oaxaca","988"
"Santiago Juxtlahuaca","Oaxaca","989"
"Santiago Jocotepec","Oaxaca","990"
"Santiago Jamiltepec","Oaxaca","991"
"Santiago Ixtayutla","Oaxaca","992"
"Santiago Ixcuintepec","Oaxaca","993"
"Santiago Ihuitlán Plumas","Oaxaca","994"
"Santiago Huauclilla","Oaxaca","995"
"Santiago Huajolotitlán","Oaxaca","996"
"Santiago del Río","Oaxaca","997"
"Santiago Comaltepec","Oaxaca","998"
"Santiago Choápam","Oaxaca","999"
"Santiago Chazumba","Oaxaca","1000"
"Santiago Camotlán","Oaxaca","1001"
"Santiago Cacaloxtepec","Oaxaca","1002"
"Santiago Ayuquililla","Oaxaca","1003"
"Santiago Atitlán","Oaxaca","1004"
"Santiago Astata","Oaxaca","1005"
"Santiago Apóstol","Oaxaca","1006"
"Santiago Apoala","Oaxaca","1007"
"Santiago Amoltepec","Oaxaca","1008"
"Santa María Zoquitlán","Oaxaca","1009"
"Santa María Zaniza","Oaxaca","1010"
"Santa María Zacatepec","Oaxaca","1011"
"Santa María Yucuhiti","Oaxaca","1012"
"Santa María Yosoyúa","Oaxaca","1013"
"Santa María Yolotepec","Oaxaca","1014"
"Santa María Yavesía","Oaxaca","1015"
"Santa María Yalina","Oaxaca","1016"
"Santa María Xadani","Oaxaca","1017"
"Santa María Totolapilla","Oaxaca","1018"
"Santa María Tonameca","Oaxaca","1019"
"Santa María Tlalixtac","Oaxaca","1020"
"Santa María Tlahuitoltepec","Oaxaca","1021"
"Santa María Texcatitlán","Oaxaca","1022"
"Santa María Tepantlali","Oaxaca","1023"
"Santa María Teopoxco","Oaxaca","1024"
"Santa María Temaxcaltepec","Oaxaca","1025"
"Santa María Temaxcalapa","Oaxaca","1026"
"Santa María Tecomavaca","Oaxaca","1027"
"Santa María Tataltepec","Oaxaca","1028"
"Santa María Sola","Oaxaca","1029"
"Santa María Quiegolani","Oaxaca","1030"
"Santa María Peñoles","Oaxaca","1031"
"Santa María Petapa","Oaxaca","1032"
"Santa María Pápalo","Oaxaca","1033"
"Santa María Ozolotepec","Oaxaca","1034"
"Santa María Nduayaco","Oaxaca","1035"
"Santa María Nativitas","Oaxaca","1036"
"Santa María Mixtequilla","Oaxaca","1037"
"Santa María Lachixío","Oaxaca","1038"
"Santa María Jaltianguis","Oaxaca","1039"
"Santa María Jalapa del Marqués","Oaxaca","1040"
"Santa María Jacatepec","Oaxaca","1041"
"Santa María Ixcatlán","Oaxaca","1042"
"Santa María Ipalapa","Oaxaca","1043"
"Santa María Huazolotitlán","Oaxaca","1044"
"Santa María Huatulco","Oaxaca","1045"
"Santa María Guienagati","Oaxaca","1046"
"Santa María Guelacé","Oaxaca","1047"
"Santa María Ecatepec","Oaxaca","1048"
"Santa María del Tule","Oaxaca","1049"
"Santa María del Rosario","Oaxaca","1050"
"Santa María Coyotepec","Oaxaca","1051"
"Santa María Cortijo","Oaxaca","1052"
"Santa María Colotepec","Oaxaca","1053"
"Santa María Chimalapa","Oaxaca","1054"
"Santa María Chilchotla","Oaxaca","1055"
"Villa de Chilapa de Díaz","Oaxaca","1056"
"Santa María Chachoápam","Oaxaca","1057"
"Santa María Camotlán","Oaxaca","1058"
"Santa María Atzompa","Oaxaca","1059"
"Santa María La Asunción","Oaxaca","1060"
"Santa María Apazco","Oaxaca","1061"
"Santa María Alotepec","Oaxaca","1062"
"Santa Magdalena Jicotlán","Oaxaca","1063"
"Santa Lucía Ocotlán","Oaxaca","1064"
"Santa Lucía Monteverde","Oaxaca","1065"
"Santa Lucía Miahuatlán","Oaxaca","1066"
"Santa Lucía del Camino","Oaxaca","1067"
"Santa Inés de Zaragoza","Oaxaca","1068"
"Santa Inés Yatzeche","Oaxaca","1069"
"Santa Inés del Monte","Oaxaca","1070"
"Santa Gertrudis","Oaxaca","1071"
"Santa Cruz Zenzontepec","Oaxaca","1072"
"Santa Cruz Xoxocotlán","Oaxaca","1073"
"Santa Cruz Xitla","Oaxaca","1074"
"Santa Cruz Tayata","Oaxaca","1075"
"Santa Cruz Tacahua","Oaxaca","1076"
"Santa Cruz Tacache de Mina","Oaxaca","1077"
"Santa Cruz Papalutla","Oaxaca","1078"
"Santa Cruz Nundaco","Oaxaca","1079"
"Santa Cruz Mixtepec","Oaxaca","1080"
"Santa Cruz Itundujia","Oaxaca","1081"
"Santa Cruz de Bravo","Oaxaca","1082"
"Santa Cruz Amilpas","Oaxaca","1083"
"Santa Cruz Acatepec","Oaxaca","1084"
"Santa Catarina Zapoquila","Oaxaca","1085"
"Santa Catarina Yosonotú","Oaxaca","1086"
"Santa Catarina Ticuá","Oaxaca","1087"
"Santa Catarina Tayata","Oaxaca","1088"
"Santa Catarina Quioquitani","Oaxaca","1089"
"Santa Catarina Quiané","Oaxaca","1090"
"Santa Catarina Minas","Oaxaca","1091"
"Santa Catarina Mechoacán","Oaxaca","1092"
"Santa Catarina Loxicha","Oaxaca","1093"
"Santa Catarina Lachatao","Oaxaca","1094"
"Santa Catarina Juquila","Oaxaca","1095"
"Santa Catarina Ixtepeji","Oaxaca","1096"
"Santa Catarina Cuixtla","Oaxaca","1097"
"Santa Catalina Quierí","Oaxaca","1098"
"Santa Ana Zegache","Oaxaca","1099"
"Santa Ana Yareni","Oaxaca","1100"
"Santa Ana Tlapacoyan","Oaxaca","1101"
"Santa Ana Tavela","Oaxaca","1102"
"Santa Ana del Valle","Oaxaca","1103"
"Santa Ana Cuauhtémoc","Oaxaca","1104"
"Santa Ana Ateixtlahuaca","Oaxaca","1105"
"Santa Ana","Oaxaca","1106"
"San Vicente Nuñú","Oaxaca","1107"
"San Vicente Lachixío","Oaxaca","1108"
"San Vicente Coatlán","Oaxaca","1109"
"San Simón Zahuatlán","Oaxaca","1110"
"San Simón Almolongas","Oaxaca","1111"
"San Sebastián Tutla","Oaxaca","1112"
"San Sebastián Teitipac","Oaxaca","1113"
"San Sebastián Tecomaxtlahuaca","Oaxaca","1114"
"San Sebastián Río Hondo","Oaxaca","1115"
"San Sebastián Nicananduta","Oaxaca","1116"
"San Sebastián Ixcapa","Oaxaca","1117"
"San Sebastián Coatlán","Oaxaca","1118"
"San Sebastián Abasolo","Oaxaca","1119"
"San Raymundo Jalpan","Oaxaca","1120"
"San Pedro Yucunama","Oaxaca","1121"
"San Pedro Yólox","Oaxaca","1122"
"San Pedro Yaneri","Oaxaca","1123"
"San Pedro Y San Pablo Tequixtepec","Oaxaca","1124"
"San Pedro Y San Pablo Teposcolula","Oaxaca","1125"
"San Pedro Y San Pablo Ayutla","Oaxaca","1126"
"Villa de Tututepec de Melchor Ocampo","Oaxaca","1127"
"San Pedro Totolapa","Oaxaca","1128"
"San Pedro Topiltepec","Oaxaca","1129"
"San Pedro Tidaá","Oaxaca","1130"
"San Pedro Teutila","Oaxaca","1131"
"San Pedro Teozacoalco","Oaxaca","1132"
"San Pedro Taviche","Oaxaca","1133"
"San Pedro Tapanatepec","Oaxaca","1134"
"San Pedro Sochiápam","Oaxaca","1135"
"San Pedro Quiatoni","Oaxaca","1136"
"San Pedro Pochutla","Oaxaca","1137"
"San Pedro Ocotepec","Oaxaca","1138"
"San Pedro Ocopetatillo","Oaxaca","1139"
"San Pedro Nopala","Oaxaca","1140"
"San Pedro Molinos","Oaxaca","1141"
"SAN PEDRO MIXTEPEC","Oaxaca","1142"
"SAN PEDRO MIXTEPEC","Oaxaca","1143"
"San Pedro Mártir Yucuxaco","Oaxaca","1144"
"San Pedro Mártir Quiechapa","Oaxaca","1145"
"San Pedro Mártir","Oaxaca","1146"
"San Pedro Juchatengo","Oaxaca","1147"
"San Pedro Jocotipac","Oaxaca","1148"
"San Pedro Jicayán","Oaxaca","1149"
"San Pedro Jaltepetongo","Oaxaca","1150"
"San Pedro Ixtlahuaca","Oaxaca","1151"
"San Pedro Ixcatlán","Oaxaca","1152"
"San Pedro Huilotepec","Oaxaca","1153"
"San Pedro Huamelula","Oaxaca","1154"
"San Pedro El Alto","Oaxaca","1155"
"San Pedro Comitancillo","Oaxaca","1156"
"San Pedro Coxcaltepec Cántaros","Oaxaca","1157"
"San Pedro Cajonos","Oaxaca","1158"
"San Pedro Atoyac","Oaxaca","1159"
"San Pedro Apóstol","Oaxaca","1160"
"San Pedro Amuzgos","Oaxaca","1161"
"San Pablo Yaganiza","Oaxaca","1162"
"San Pablo Villa de Mitla","Oaxaca","1163"
"San Pablo Tijaltepec","Oaxaca","1164"
"San Pablo Macuiltianguis","Oaxaca","1165"
"San Pablo Huixtepec","Oaxaca","1166"
"San Pablo Huitzo","Oaxaca","1167"
"San Pablo Etla","Oaxaca","1168"
"San Pablo Cuatro Venados","Oaxaca","1169"
"San Pablo Coatlán","Oaxaca","1170"
"San Nicolás Hidalgo","Oaxaca","1171"
"San Nicolás","Oaxaca","1172"
"San Miguel Yotao","Oaxaca","1173"
"San Miguel Tulancingo","Oaxaca","1174"
"San Miguel Tlacotepec","Oaxaca","1175"
"San Miguel Tlacamama","Oaxaca","1176"
"San Miguel Tilquiápam","Oaxaca","1177"
"San Miguel Tequixtepec","Oaxaca","1178"
"San Miguel Tenango","Oaxaca","1179"
"San Miguel Tecomatlán","Oaxaca","1180"
"Villa Talea de Castro","Oaxaca","1181"
"San Miguel Suchixtepec","Oaxaca","1182"
"San Miguel Soyaltepec","Oaxaca","1183"
"San Miguel Santa Flor","Oaxaca","1184"
"San Miguel Quetzaltepec","Oaxaca","1185"
"San Miguel Piedras","Oaxaca","1186"
"San Miguel Peras","Oaxaca","1187"
"San Miguel Panixtlahuaca","Oaxaca","1188"
"San Miguel Mixtepec","Oaxaca","1189"
"San Miguel Huautla","Oaxaca","1190"
"San Miguel El Grande","Oaxaca","1191"
"San Miguel Ejutla","Oaxaca","1192"
"San Miguel del Río","Oaxaca","1193"
"San Miguel del Puerto","Oaxaca","1194"
"San Miguel Coatlán","Oaxaca","1195"
"San Miguel Chimalapa","Oaxaca","1196"
"San Miguel Chicahua","Oaxaca","1197"
"San Miguel Amatlán","Oaxaca","1198"
"San Miguel Amatitlán","Oaxaca","1199"
"San Miguel Aloápam","Oaxaca","1200"
"San Miguel Ahuehuetitlán","Oaxaca","1201"
"San Miguel Achiutla","Oaxaca","1202"
"San Melchor Betaza","Oaxaca","1203"
"San Mateo Yoloxochitlán","Oaxaca","1204"
"San Mateo Tlapiltepec","Oaxaca","1205"
"San Mateo Sindihui","Oaxaca","1206"
"San Mateo Río Hondo","Oaxaca","1207"
"San Mateo Piñas","Oaxaca","1208"
"San Mateo Peñasco","Oaxaca","1209"
"San Mateo Nejápam","Oaxaca","1210"
"San Mateo Etlatongo","Oaxaca","1211"
"San Mateo del Mar","Oaxaca","1212"
"San Mateo Cajonos","Oaxaca","1213"
"San Martín Zacatepec","Oaxaca","1214"
"San Martín Toxpalan","Oaxaca","1215"
"San Martín Tilcajete","Oaxaca","1216"
"San Martín Peras","Oaxaca","1217"
"San Martín Lachilá","Oaxaca","1218"
"San Martín Itunyoso","Oaxaca","1219"
"San Martín Huamelúlpam","Oaxaca","1220"
"San Martín de los Cansecos","Oaxaca","1221"
"San Marcos Arteaga","Oaxaca","1222"
"San Marcial Ozolotepec","Oaxaca","1223"
"San Luis Amatlán","Oaxaca","1224"
"San Lucas Zoquiápam","Oaxaca","1225"
"San Lucas Quiaviní","Oaxaca","1226"
"San Lucas Ojitlán","Oaxaca","1227"
"San Lucas Camotlán","Oaxaca","1228"
"San Lorenzo Victoria","Oaxaca","1229"
"San Lorenzo Texmelucan","Oaxaca","1230"
"San Lorenzo Cuaunecuiltitla","Oaxaca","1231"
"San Lorenzo Cacaotepec","Oaxaca","1232"
"San Lorenzo Albarradas","Oaxaca","1233"
"San Lorenzo","Oaxaca","1234"
"San Juan Yucuita","Oaxaca","1235"
"San Juan Yatzona","Oaxaca","1236"
"San Juan Yaeé","Oaxaca","1237"
"San Juan Teposcolula","Oaxaca","1238"
"San Juan Tepeuxila","Oaxaca","1239"
"San Juan Teitipac","Oaxaca","1240"
"San Juan Teita","Oaxaca","1241"
"San Juan Tamazola","Oaxaca","1242"
"San Juan Tabaá","Oaxaca","1243"
"San Juan Sayultepec","Oaxaca","1244"
"San Juan Quiotepec","Oaxaca","1245"
"San Juan Quiahije","Oaxaca","1246"
"San Juan Petlapa","Oaxaca","1247"
"San Juan Ozolotepec","Oaxaca","1248"
"San Juan Ñumí","Oaxaca","1249"
"SAN JUAN MIXTEPEC","Oaxaca","1250"
"SAN JUAN MIXTEPEC","Oaxaca","1251"
"San Juan Mazatlán","Oaxaca","1252"
"San Juan Lalana","Oaxaca","1253"
"San Juan Lajarcia","Oaxaca","1254"
"San Juan Lachigalla","Oaxaca","1255"
"San Juan Lachao","Oaxaca","1256"
"San Juan Juquila Vijanos","Oaxaca","1257"
"San Juan Juquila Mixes","Oaxaca","1258"
"San Juan Ihualtepec","Oaxaca","1259"
"San Juan Guichicovi","Oaxaca","1260"
"San Juan Guelavía","Oaxaca","1261"
"San Juan Evangelista Analco","Oaxaca","1262"
"San Juan Diuxi","Oaxaca","1263"
"San Juan del Río","Oaxaca","1264"
"San Juan del Estado","Oaxaca","1265"
"San Juan de los Cués","Oaxaca","1266"
"San Juan Cotzocón","Oaxaca","1267"
"San Juan Comaltepec","Oaxaca","1268"
"San Juan Colorado","Oaxaca","1269"
"San Juan Coatzóspam","Oaxaca","1270"
"San Juan Cieneguilla","Oaxaca","1271"
"Chiquihuitlán de Benito Juárez","Oaxaca","1272"
"San Juan Chilateca","Oaxaca","1273"
"San Juan Chicomezúchil","Oaxaca","1274"
"San Juan Cacahuatepec","Oaxaca","1275"
"San Juan Bautista Valle Nacional","Oaxaca","1276"
"San Juan Bautista Tuxtepec","Oaxaca","1277"
"San Juan Bautista Tlacoatzintepec","Oaxaca","1278"
"San Juan Bautista Tlachichilco","Oaxaca","1279"
"San Juan Bautista Suchitepec","Oaxaca","1280"
"San Juan Bautista Lo de Soto","Oaxaca","1281"
"San Juan Bautista Jayacatlán","Oaxaca","1282"
"San Juan Bautista Guelache","Oaxaca","1283"
"San Juan Bautista Cuicatlán","Oaxaca","1284"
"San Juan Bautista Coixtlahuaca","Oaxaca","1285"
"San Juan Bautista Atatlahuca","Oaxaca","1286"
"San Juan Atepec","Oaxaca","1287"
"San Juan Achiutla","Oaxaca","1288"
"San José Tenango","Oaxaca","1289"
"San José del Progreso","Oaxaca","1290"
"San José Lachiguiri","Oaxaca","1291"
"San José Independencia","Oaxaca","1292"
"San José Estancia Grande","Oaxaca","1293"
"San José del Peñasco","Oaxaca","1294"
"San José Chiltepec","Oaxaca","1295"
"San José Ayuquila","Oaxaca","1296"
"San Jorge Nuchita","Oaxaca","1297"
"San Jerónimo Tlacochahuaya","Oaxaca","1298"
"San Jerónimo Tecóatl","Oaxaca","1299"
"San Jerónimo Taviche","Oaxaca","1300"
"San Jerónimo Sosola","Oaxaca","1301"
"San Jerónimo Silacayoapilla","Oaxaca","1302"
"San Jerónimo Coatlán","Oaxaca","1303"
"San Jacinto Tlacotepec","Oaxaca","1304"
"San Jacinto Amilpas","Oaxaca","1305"
"San Ildefonso Villa Alta","Oaxaca","1306"
"San Ildefonso Sola","Oaxaca","1307"
"San Ildefonso Amatlán","Oaxaca","1308"
"San Gabriel Mixtepec","Oaxaca","1309"
"San Francisco Tlapancingo","Oaxaca","1310"
"San Francisco Teopan","Oaxaca","1311"
"San Francisco Telixtlahuaca","Oaxaca","1312"
"San Francisco Sola","Oaxaca","1313"
"San Francisco Ozolotepec","Oaxaca","1314"
"San Francisco Nuxaño","Oaxaca","1315"
"San Francisco Logueche","Oaxaca","1316"
"San Francisco Lachigoló","Oaxaca","1317"
"San Francisco Jaltepetongo","Oaxaca","1318"
"San Francisco Ixhuatán","Oaxaca","1319"
"San Francisco Huehuetlán","Oaxaca","1320"
"San Francisco del Mar","Oaxaca","1321"
"San Francisco Chindúa","Oaxaca","1322"
"San Francisco Chapulapa","Oaxaca","1323"
"San Francisco Cajonos","Oaxaca","1324"
"San Francisco Cahuacuá","Oaxaca","1325"
"San Felipe Usila","Oaxaca","1326"
"San Felipe Tejalápam","Oaxaca","1327"
"San Felipe Jalapa de Díaz","Oaxaca","1328"
"San Esteban Atatlahuca","Oaxaca","1329"
"San Dionisio Ocotlán","Oaxaca","1330"
"San Dionisio Ocotepec","Oaxaca","1331"
"San Dionisio del Mar","Oaxaca","1332"
"San Cristóbal Suchixtlahuaca","Oaxaca","1333"
"San Cristóbal Lachirioag","Oaxaca","1334"
"San Cristóbal Amoltepec","Oaxaca","1335"
"San Cristóbal Amatlán","Oaxaca","1336"
"San Carlos Yautepec","Oaxaca","1337"
"San Blas Atempa","Oaxaca","1338"
"San Bernardo Mixtepec","Oaxaca","1339"
"San Bartolomé Zoogocho","Oaxaca","1340"
"San Bartolomé Yucuañe","Oaxaca","1341"
"San Bartolomé Quialana","Oaxaca","1342"
"San Bartolomé Loxicha","Oaxaca","1343"
"San Bartolomé Ayautla","Oaxaca","1344"
"San Bartolo Yautepec","Oaxaca","1345"
"San Bartolo Soyaltepec","Oaxaca","1346"
"San Bartolo Coyotepec","Oaxaca","1347"
"San Baltazar Yatzachi El Bajo","Oaxaca","1348"
"San Baltazar Loxicha","Oaxaca","1349"
"San Baltazar Chichicápam","Oaxaca","1350"
"San Antonio Tepetlapa","Oaxaca","1351"
"San Antonio Sinicahua","Oaxaca","1352"
"San Antonio Nanahuatípam","Oaxaca","1353"
"San Antonio Huitepec","Oaxaca","1354"
"San Antonio de la Cal","Oaxaca","1355"
"San Antonio Acutla","Oaxaca","1356"
"San Antonino Monte Verde","Oaxaca","1357"
"San Antonino El Alto","Oaxaca","1358"
"San Antonino Castillo Velasco","Oaxaca","1359"
"San Andrés Zautla","Oaxaca","1360"
"San Andrés Zabache","Oaxaca","1361"
"San Andrés Yaá","Oaxaca","1362"
"San Andrés Tepetlapa","Oaxaca","1363"
"San Andrés Teotilálpam","Oaxaca","1364"
"San Andrés Solaga","Oaxaca","1365"
"San Andrés Sinaxtla","Oaxaca","1366"
"San Andrés Paxtlán","Oaxaca","1367"
"San Andrés Nuxiño","Oaxaca","1368"
"San Andrés Lagunas","Oaxaca","1369"
"San Andrés Ixtlahuaca","Oaxaca","1370"
"San Andrés Huayápam","Oaxaca","1371"
"San Andrés Huaxpaltepec","Oaxaca","1372"
"San Andrés Dinicuiti","Oaxaca","1373"
"San Andrés Cabecera Nueva","Oaxaca","1374"
"San Agustín Yatareni","Oaxaca","1375"
"San Agustín Tlacotepec","Oaxaca","1376"
"San Agustín Loxicha","Oaxaca","1377"
"San Agustín Etla","Oaxaca","1378"
"San Agustín de las Juntas","Oaxaca","1379"
"San Agustín Chayuco","Oaxaca","1380"
"San Agustín Atenango","Oaxaca","1381"
"San Agustín Amatengo","Oaxaca","1382"
"Salina Cruz","Oaxaca","1383"
"Rojas de Cuauhtémoc","Oaxaca","1384"
"Reyes Etla","Oaxaca","1385"
"La Reforma","Oaxaca","1386"
"Reforma de Pineda","Oaxaca","1387"
"Putla Villa de Guerrero","Oaxaca","1388"
"Pluma Hidalgo","Oaxaca","1389"
"Pinotepa de Don Luis","Oaxaca","1390"
"La Pe","Oaxaca","1391"
"Ocotlán de Morelos","Oaxaca","1392"
"Oaxaca de Juárez","Oaxaca","1393"
"Nuevo Zoquiápam","Oaxaca","1394"
"Nejapa de Madero","Oaxaca","1395"
"Nazareno Etla","Oaxaca","1396"
"Natividad","Oaxaca","1397"
"Monjas","Oaxaca","1398"
"Mixistlán de la Reforma","Oaxaca","1399"
"Miahuatlán de Porfirio Díaz","Oaxaca","1400"
"Mazatlán Villa de Flores","Oaxaca","1401"
"Matías Romero Avendaño","Oaxaca","1402"
"Mártires de Tacubaya","Oaxaca","1403"
"Mariscala de Juárez","Oaxaca","1404"
"Magdalena Zahuatlán","Oaxaca","1405"
"Magdalena Yodocono de Porfirio Díaz","Oaxaca","1406"
"Magdalena Tlacotepec","Oaxaca","1407"
"Magdalena Tequisistlán","Oaxaca","1408"
"Magdalena Teitipac","Oaxaca","1409"
"Magdalena Peñasco","Oaxaca","1410"
"Magdalena Ocotlán","Oaxaca","1411"
"Magdalena Mixtepec","Oaxaca","1412"
"Magdalena Jaltepec","Oaxaca","1413"
"Magdalena Apasco","Oaxaca","1414"
"Loma Bonita","Oaxaca","1415"
"Juchitán de Zaragoza","Oaxaca","1416"
"Ixtlán de Juárez","Oaxaca","1417"
"Ciudad Ixtepec","Oaxaca","1418"
"Ixpantepec Nieves","Oaxaca","1419"
"Huautla de Jiménez","Oaxaca","1420"
"Huautepec","Oaxaca","1421"
"Heroica Ciudad de Huajuapan de León","Oaxaca","1422"
"Mesones Hidalgo","Oaxaca","1423"
"Guevea de Humboldt","Oaxaca","1424"
"Guelatao de Juárez","Oaxaca","1425"
"Guadalupe Etla","Oaxaca","1426"
"Guadalupe de Ramírez","Oaxaca","1427"
"Fresnillo de Trujano","Oaxaca","1428"
"El Espinal","Oaxaca","1429"
"Eloxochitlán de Flores Magón","Oaxaca","1430"
"Heroica Ciudad de Ejutla de Crespo","Oaxaca","1431"
"Cuyamecalco Villa de Zaragoza","Oaxaca","1432"
"Cuilápam de Guerrero","Oaxaca","1433"
"Cosoltepec","Oaxaca","1434"
"Cosolapa","Oaxaca","1435"
"Constancia del Rosario","Oaxaca","1436"
"Concepción Pápalo","Oaxaca","1437"
"Concepción Buenavista","Oaxaca","1438"
"La Compañía","Oaxaca","1439"
"Coicoyán de las Flores","Oaxaca","1440"
"Coatecas Altas","Oaxaca","1441"
"Ciénega de Zimatlán","Oaxaca","1442"
"Chalcatongo de Hidalgo","Oaxaca","1443"
"Chahuites","Oaxaca","1444"
"Candelaria Loxicha","Oaxaca","1445"
"Calihualá","Oaxaca","1446"
"El Barrio de la Soledad","Oaxaca","1447"
"Ayotzintepec","Oaxaca","1448"
"Ayoquezco de Aldama","Oaxaca","1449"
"Asunción Tlacolulita","Oaxaca","1450"
"Asunción Ocotlán","Oaxaca","1451"
"Asunción Nochixtlán","Oaxaca","1452"
"Asunción Ixtaltepec","Oaxaca","1453"
"Asunción Cuyotepeji","Oaxaca","1454"
"Asunción Cacalotepec","Oaxaca","1455"
"Animas Trujano","Oaxaca","1456"
"Acatlán de Pérez Figueroa","Oaxaca","1457"
"Abejones","Oaxaca","1458"
"Villaldama","Nuevo León","1459"
"Vallecillo","Nuevo León","1460"
"Santiago","Nuevo León","1461"
"Santa Catarina","Nuevo León","1462"
"San Nicolás de los Garza","Nuevo León","1463"
"Salinas Victoria","Nuevo León","1464"
"Sabinas Hidalgo","Nuevo León","1465"
"Rayones","Nuevo León","1466"
"Los Ramones","Nuevo León","1467"
"Pesquería","Nuevo León","1468"
"Parás","Nuevo León","1469"
"Monterrey","Nuevo León","1470"
"Montemorelos","Nuevo León","1471"
"Mina","Nuevo León","1472"
"Mier Y Noriega","Nuevo León","1473"
"Melchor Ocampo","Nuevo León","1474"
"Marín","Nuevo León","1475"
"Linares","Nuevo León","1476"
"Lampazos de Naranjo","Nuevo León","1477"
"Juárez","Nuevo León","1478"
"Iturbide","Nuevo León","1479"
"Hualahuises","Nuevo León","1480"
"Higueras","Nuevo León","1481"
"Hidalgo","Nuevo León","1482"
"Los Herreras","Nuevo León","1483"
"Guadalupe","Nuevo León","1484"
"Gral. Zuazua","Nuevo León","1485"
"Gral. Zaragoza","Nuevo León","1486"
"Gral. Treviño","Nuevo León","1487"
"Gral. Terán","Nuevo León","1488"
"Gral. Escobedo","Nuevo León","1489"
"Gral. Bravo","Nuevo León","1490"
"San Pedro Garza García","Nuevo León","1491"
"García","Nuevo León","1492"
"Galeana","Nuevo León","1493"
"Dr. González","Nuevo León","1494"
"Dr. Coss","Nuevo León","1495"
"Dr. Arroyo","Nuevo León","1496"
"China","Nuevo León","1497"
"Ciénega de Flores","Nuevo León","1498"
"Cerralvo","Nuevo León","1499"
"Carmen","Nuevo León","1500"
"Cadereyta Jiménez","Nuevo León","1501"
"Bustamante","Nuevo León","1502"
"Aramberri","Nuevo León","1503"
"Apodaca","Nuevo León","1504"
"Anáhuac","Nuevo León","1505"
"Allende","Nuevo León","1506"
"Los Aldamas","Nuevo León","1507"
"Agualeguas","Nuevo León","1508"
"Abasolo","Nuevo León","1509"
"La Yesca","Nayarit","1510"
"Xalisco","Nayarit","1511"
"Tuxpan","Nayarit","1512"
"Tepic","Nayarit","1513"
"Tecuala","Nayarit","1514"
"Santiago Ixcuintla","Nayarit","1515"
"Santa María del Oro","Nayarit","1516"
"San Pedro Lagunillas","Nayarit","1517"
"San Blas","Nayarit","1518"
"Ruíz","Nayarit","1519"
"Rosamorada","Nayarit","1520"
"Del Nayar","Nayarit","1521"
"Jala","Nayarit","1522"
"Ixtlán del Río","Nayarit","1523"
"Huajicori","Nayarit","1524"
"Compostela","Nayarit","1525"
"Bahía de Banderas","Nayarit","1526"
"Amatlán de Cañas","Nayarit","1527"
"Ahuacatlán","Nayarit","1528"
"Acaponeta","Nayarit","1529"
"Temoac","Morelos","1530"
"Zacualpan","Morelos","1531"
"Zacatepec","Morelos","1532"
"Yecapixtla","Morelos","1533"
"Yautepec","Morelos","1534"
"Xochitepec","Morelos","1535"
"Totolapan","Morelos","1536"
"Tlayacapan","Morelos","1537"
"Tlaquiltenango","Morelos","1538"
"Tlaltizapán","Morelos","1539"
"Tlalnepantla","Morelos","1540"
"Tetela del Volcán","Morelos","1541"
"Tetecala","Morelos","1542"
"Tepoztlán","Morelos","1543"
"Tepalcingo","Morelos","1544"
"Temixco","Morelos","1545"
"Puente de Ixtla","Morelos","1546"
"Ocuituco","Morelos","1547"
"Miacatlán","Morelos","1548"
"Mazatepec","Morelos","1549"
"Jonacatepec","Morelos","1550"
"Jojutla","Morelos","1551"
"Jiutepec","Morelos","1552"
"Jantetelco","Morelos","1553"
"Huitzilac","Morelos","1554"
"Emiliano Zapata","Morelos","1555"
"Cuernavaca","Morelos","1556"
"Cuautla","Morelos","1557"
"Coatlán del Río","Morelos","1558"
"Ayala","Morelos","1559"
"Axochiapan","Morelos","1560"
"Atlatlahucan","Morelos","1561"
"Amacuzac","Morelos","1562"
"Zitácuaro","Michoacán de Ocampo","1563"
"Ziracuaretiro","Michoacán de Ocampo","1564"
"Zinapécuaro","Michoacán de Ocampo","1565"
"Zináparo","Michoacán de Ocampo","1566"
"Zamora","Michoacán de Ocampo","1567"
"Zacapu","Michoacán de Ocampo","1568"
"Yurécuaro","Michoacán de Ocampo","1569"
"Vista Hermosa","Michoacán de Ocampo","1570"
"Villamar","Michoacán de Ocampo","1571"
"Venustiano Carranza","Michoacán de Ocampo","1572"
"Uruapan","Michoacán de Ocampo","1573"
"Tzitzio","Michoacán de Ocampo","1574"
"Tzintzuntzan","Michoacán de Ocampo","1575"
"Tuzantla","Michoacán de Ocampo","1576"
"Tuxpan","Michoacán de Ocampo","1577"
"Turicato","Michoacán de Ocampo","1578"
"Tumbiscatío","Michoacán de Ocampo","1579"
"Tocumbo","Michoacán de Ocampo","1580"
"Tlazazalca","Michoacán de Ocampo","1581"
"Tlalpujahua","Michoacán de Ocampo","1582"
"Tiquicheo de Nicolás Romero","Michoacán de Ocampo","1583"
"Tingüindín","Michoacán de Ocampo","1584"
"Tingambato","Michoacán de Ocampo","1585"
"Tepalcatepec","Michoacán de Ocampo","1586"
"Tarímbaro","Michoacán de Ocampo","1587"
"Taretan","Michoacán de Ocampo","1588"
"Tanhuato","Michoacán de Ocampo","1589"
"Tangancícuaro","Michoacán de Ocampo","1590"
"Tangamandapio","Michoacán de Ocampo","1591"
"Tancítaro","Michoacán de Ocampo","1592"
"Tacámbaro","Michoacán de Ocampo","1593"
"Susupuato","Michoacán de Ocampo","1594"
"Senguio","Michoacán de Ocampo","1595"
"Salvador Escalante","Michoacán de Ocampo","1596"
"Santa Ana Maya","Michoacán de Ocampo","1597"
"San Lucas","Michoacán de Ocampo","1598"
"Sahuayo","Michoacán de Ocampo","1599"
"Los Reyes","Michoacán de Ocampo","1600"
"Cojumatlán de Régules","Michoacán de Ocampo","1601"
"Quiroga","Michoacán de Ocampo","1602"
"Queréndaro","Michoacán de Ocampo","1603"
"Puruándiro","Michoacán de Ocampo","1604"
"Purépero","Michoacán de Ocampo","1605"
"La Piedad","Michoacán de Ocampo","1606"
"Peribán","Michoacán de Ocampo","1607"
"Penjamillo","Michoacán de Ocampo","1608"
"Pátzcuaro","Michoacán de Ocampo","1609"
"Paracho","Michoacán de Ocampo","1610"
"Parácuaro","Michoacán de Ocampo","1611"
"Panindícuaro","Michoacán de Ocampo","1612"
"Pajacuarán","Michoacán de Ocampo","1613"
"Ocampo","Michoacán de Ocampo","1614"
"Numarán","Michoacán de Ocampo","1615"
"Nuevo Urecho","Michoacán de Ocampo","1616"
"Nuevo Parangaricutiro","Michoacán de Ocampo","1617"
"Nocupétaro","Michoacán de Ocampo","1618"
"Nahuatzen","Michoacán de Ocampo","1619"
"Múgica","Michoacán de Ocampo","1620"
"Morelos","Michoacán de Ocampo","1621"
"Morelia","Michoacán de Ocampo","1622"
"Marcos Castellanos","Michoacán de Ocampo","1623"
"Maravatío","Michoacán de Ocampo","1624"
"Madero","Michoacán de Ocampo","1625"
"Lázaro Cárdenas","Michoacán de Ocampo","1626"
"Lagunillas","Michoacán de Ocampo","1627"
"Jungapeo","Michoacán de Ocampo","1628"
"Juárez","Michoacán de Ocampo","1629"
"José Sixto Verduzco","Michoacán de Ocampo","1630"
"Jiquilpan","Michoacán de Ocampo","1631"
"Jiménez","Michoacán de Ocampo","1632"
"Jacona","Michoacán de Ocampo","1633"
"Ixtlán","Michoacán de Ocampo","1634"
"Irimbo","Michoacán de Ocampo","1635"
"Indaparapeo","Michoacán de Ocampo","1636"
"Huiramba","Michoacán de Ocampo","1637"
"Huetamo","Michoacán de Ocampo","1638"
"Huaniqueo","Michoacán de Ocampo","1639"
"Huandacareo","Michoacán de Ocampo","1640"
"La Huacana","Michoacán de Ocampo","1641"
"Hidalgo","Michoacán de Ocampo","1642"
"Gabriel Zamora","Michoacán de Ocampo","1643"
"Erongarícuaro","Michoacán de Ocampo","1644"
"Epitacio Huerta","Michoacán de Ocampo","1645"
"Ecuandureo","Michoacán de Ocampo","1646"
"Churumuco","Michoacán de Ocampo","1647"
"Churintzio","Michoacán de Ocampo","1648"
"Chucándiro","Michoacán de Ocampo","1649"
"Chinicuila","Michoacán de Ocampo","1650"
"Chilchota","Michoacán de Ocampo","1651"
"Cherán","Michoacán de Ocampo","1652"
"Chavinda","Michoacán de Ocampo","1653"
"Charo","Michoacán de Ocampo","1654"
"Charapan","Michoacán de Ocampo","1655"
"Cuitzeo","Michoacán de Ocampo","1656"
"Cotija","Michoacán de Ocampo","1657"
"Copándaro","Michoacán de Ocampo","1658"
"Contepec","Michoacán de Ocampo","1659"
"Coeneo","Michoacán de Ocampo","1660"
"Coalcomán de Vázquez Pallares","Michoacán de Ocampo","1661"
"Coahuayana","Michoacán de Ocampo","1662"
"Carácuaro","Michoacán de Ocampo","1663"
"Buenavista","Michoacán de Ocampo","1664"
"Briseñas","Michoacán de Ocampo","1665"
"Arteaga","Michoacán de Ocampo","1666"
"Ario","Michoacán de Ocampo","1667"
"Aquila","Michoacán de Ocampo","1668"
"Aporo","Michoacán de Ocampo","1669"
"Apatzingán","Michoacán de Ocampo","1670"
"Angangueo","Michoacán de Ocampo","1671"
"Angamacutiro","Michoacán de Ocampo","1672"
"Alvaro Obregón","Michoacán de Ocampo","1673"
"Aguililla","Michoacán de Ocampo","1674"
"Acuitzio","Michoacán de Ocampo","1675"
"Tonanitla","México","1676"
"San Jose del Rincon","México","1677"
"Luvianos","México","1678"
"Valle de Chalco Solidaridad","México","1679"
"Zumpango","México","1680"
"Zumpahuacán","México","1681"
"Zinacantepec","México","1682"
"Zacualpan","México","1683"
"Zacazonapan","México","1684"
"Xonacatlán","México","1685"
"Villa Victoria","México","1686"
"Villa Guerrero","México","1687"
"Villa del Carbón","México","1688"
"Villa de Allende","México","1689"
"Valle de Bravo","México","1690"
"Tultitlán","México","1691"
"Tultepec","México","1692"
"Tonatico","México","1693"
"Toluca","México","1694"
"Tlatlaya","México","1695"
"Tlalnepantla de Baz","México","1696"
"Tlalmanalco","México","1697"
"Timilpan","México","1698"
"Tianguistenco","México","1699"
"Tezoyuca","México","1700"
"Texcoco","México","1701"
"Texcalyacac","México","1702"
"Texcaltitlán","México","1703"
"Tequixquiac","México","1704"
"Tepotzotlán","México","1705"
"Tepetlixpa","México","1706"
"Tepetlaoxtoc","México","1707"
"Teotihuacán","México","1708"
"Teoloyucán","México","1709"
"Tenango del Valle","México","1710"
"Tenango del Aire","México","1711"
"Tenancingo","México","1712"
"Temoaya","México","1713"
"Temascaltepec","México","1714"
"Temascalcingo","México","1715"
"Temascalapa","México","1716"
"Temamatla","México","1717"
"Tejupilco","México","1718"
"Tecámac","México","1719"
"Sultepec","México","1720"
"Soyaniquilpan de Juárez","México","1721"
"Santo Tomás","México","1722"
"San Simón de Guerrero","México","1723"
"San Mateo Atenco","México","1724"
"San Martín de las Pirámides","México","1725"
"San Felipe del Progreso","México","1726"
"San Antonio La Isla","México","1727"
"Rayón","México","1728"
"Polotitlán","México","1729"
"La Paz","México","1730"
"Papalotla","México","1731"
"Ozumba","México","1732"
"Otzolotepec","México","1733"
"Otzoloapan","México","1734"
"Otumba","México","1735"
"El Oro","México","1736"
"Ocuilan","México","1737"
"Ocoyoacac","México","1738"
"Nopaltepec","México","1739"
"Nicolás Romero","México","1740"
"Nezahualcóyotl","México","1741"
"Nextlalpan","México","1742"
"Naucalpan de Juárez","México","1743"
"Morelos","México","1744"
"Mexicaltzingo","México","1745"
"Metepec","México","1746"
"Melchor Ocampo","México","1747"
"Malinalco","México","1748"
"Lerma","México","1749"
"Juchitepec","México","1750"
"Joquicingo","México","1751"
"Jocotitlán","México","1752"
"Jiquipilco","México","1753"
"Jilotzingo","México","1754"
"Jilotepec","México","1755"
"Jaltenco","México","1756"
"Xalatlaco","México","1757"
"Ixtlahuaca","México","1758"
"Ixtapan del Oro","México","1759"
"Ixtapan de la Sal","México","1760"
"Ixtapaluca","México","1761"
"Isidro Fabela","México","1762"
"Huixquilucan","México","1763"
"Hueypoxtla","México","1764"
"Huehuetoca","México","1765"
"Ecatzingo","México","1766"
"Ecatepec de Morelos","México","1767"
"Donato Guerra","México","1768"
"Chimalhuacán","México","1769"
"Chiconcuac","México","1770"
"Chicoloapan","México","1771"
"Chiautla","México","1772"
"Chapultepec","México","1773"
"Chapa de Mota","México","1774"
"Chalco","México","1775"
"Cuautitlán Izcalli","México","1776"
"Cuautitlán","México","1777"
"Coyotepec","México","1778"
"Cocotitlán","México","1779"
"Coatepec Harinas","México","1780"
"Coacalco de Berriozábal","México","1781"
"Capulhuac","México","1782"
"Calimaya","México","1783"
"Ayapango","México","1784"
"Axapusco","México","1785"
"Atlautla","México","1786"
"Atlacomulco","México","1787"
"Atizapán de Zaragoza","México","1788"
"Atizapán","México","1789"
"Atenco","México","1790"
"Apaxco","México","1791"
"Amecameca","México","1792"
"Amatepec","México","1793"
"Amanalco","México","1794"
"Almoloya del Río","México","1795"
"Almoloya de Juárez","México","1796"
"Almoloya de Alquisiras","México","1797"
"Aculco","México","1798"
"Acolman","México","1799"
"Acambay","México","1800"
"San Ignacio Cerro Gordo","Jalisco","1801"
"Zapotlanejo","Jalisco","1802"
"Zapotlán del Rey","Jalisco","1803"
"Zapotitlán de Vadillo","Jalisco","1804"
"Zapotiltic","Jalisco","1805"
"Zapopan","Jalisco","1806"
"Zacoalco de Torres","Jalisco","1807"
"Yahualica de González Gallo","Jalisco","1808"
"Cañadas de Obregón","Jalisco","1809"
"Villa Hidalgo","Jalisco","1810"
"Villa Guerrero","Jalisco","1811"
"Villa Corona","Jalisco","1812"
"Valle de Juárez","Jalisco","1813"
"Valle de Guadalupe","Jalisco","1814"
"Unión de Tula","Jalisco","1815"
"Unión de San Antonio","Jalisco","1816"
"Tuxpan","Jalisco","1817"
"Tuxcueca","Jalisco","1818"
"Tuxcacuesco","Jalisco","1819"
"Tototlán","Jalisco","1820"
"Totatiche","Jalisco","1821"
"Tonila","Jalisco","1822"
"Tonaya","Jalisco","1823"
"Tonalá","Jalisco","1824"
"Tomatlán","Jalisco","1825"
"Tolimán","Jalisco","1826"
"Tlaquepaque","Jalisco","1827"
"Tlajomulco de Zúñiga","Jalisco","1828"
"Tizapán El Alto","Jalisco","1829"
"Teuchitlán","Jalisco","1830"
"Tequila","Jalisco","1831"
"Tepatitlán de Morelos","Jalisco","1832"
"Teocuitatlán de Corona","Jalisco","1833"
"Teocaltiche","Jalisco","1834"
"Tenamaxtlán","Jalisco","1835"
"Techaluta de Montenegro","Jalisco","1836"
"Tecolotlán","Jalisco","1837"
"Tecalitlán","Jalisco","1838"
"Tapalpa","Jalisco","1839"
"Tamazula de Gordiano","Jalisco","1840"
"Talpa de Allende","Jalisco","1841"
"Tala","Jalisco","1842"
"Sayula","Jalisco","1843"
"Santa María de los Ángeles","Jalisco","1844"
"San Sebastián del Oeste","Jalisco","1845"
"San Miguel El Alto","Jalisco","1846"
"San Martín Hidalgo","Jalisco","1847"
"San Martín de Bolaños","Jalisco","1848"
"San Marcos","Jalisco","1849"
"San Julián","Jalisco","1850"
"San Juan de los Lagos","Jalisco","1851"
"San Diego de Alejandría","Jalisco","1852"
"San Cristóbal de la Barranca","Jalisco","1853"
"El Salto","Jalisco","1854"
"Quitupan","Jalisco","1855"
"Villa Purificación","Jalisco","1856"
"Puerto Vallarta","Jalisco","1857"
"Poncitlán","Jalisco","1858"
"Pihuamo","Jalisco","1859"
"Ojuelos de Jalisco","Jalisco","1860"
"Ocotlán","Jalisco","1861"
"Mixtlán","Jalisco","1862"
"Mezquitic","Jalisco","1863"
"Mexticacán","Jalisco","1864"
"Mazamitla","Jalisco","1865"
"Mascota","Jalisco","1866"
"La Manzanilla de la Paz","Jalisco","1867"
"Santa María del Oro","Jalisco","1868"
"Magdalena","Jalisco","1869"
"El Limón","Jalisco","1870"
"Lagos de Moreno","Jalisco","1871"
"Juchitlán","Jalisco","1872"
"Juanacatlán","Jalisco","1873"
"Jocotepec","Jalisco","1874"
"Jilotlán de los Dolores","Jalisco","1875"
"Jesús María","Jalisco","1876"
"Jamay","Jalisco","1877"
"Jalostotitlán","Jalisco","1878"
"Ixtlahuacán del Río","Jalisco","1879"
"Ixtlahuacán de los Membrillos","Jalisco","1880"
"La Huerta","Jalisco","1881"
"Huejuquilla El Alto","Jalisco","1882"
"Huejúcar","Jalisco","1883"
"Hostotipaquillo","Jalisco","1884"
"Guadalajara","Jalisco","1885"
"Guachinango","Jalisco","1886"
"El Grullo","Jalisco","1887"
"Gómez Farías","Jalisco","1888"
"Etzatlán","Jalisco","1889"
"Encarnación de Díaz","Jalisco","1890"
"Ejutla","Jalisco","1891"
"Degollado","Jalisco","1892"
"Chiquilistlán","Jalisco","1893"
"Chimaltitán","Jalisco","1894"
"Chapala","Jalisco","1895"
"Cuquío","Jalisco","1896"
"Cuautla","Jalisco","1897"
"Cuautitlán de García Barragán","Jalisco","1898"
"Concepción de Buenos Aires","Jalisco","1899"
"Colotlán","Jalisco","1900"
"Cocula","Jalisco","1901"
"San Gabriel","Jalisco","1902"
"Zapotlán El Grande","Jalisco","1903"
"Cihuatlán","Jalisco","1904"
"Casimiro Castillo","Jalisco","1905"
"Cabo Corrientes","Jalisco","1906"
"Bolaños","Jalisco","1907"
"La Barca","Jalisco","1908"
"Ayutla","Jalisco","1909"
"Ayotlán","Jalisco","1910"
"Autlán de Navarro","Jalisco","1911"
"Atoyac","Jalisco","1912"
"Atotonilco El Alto","Jalisco","1913"
"Atenguillo","Jalisco","1914"
"Atengo","Jalisco","1915"
"Atemajac de Brizuela","Jalisco","1916"
"El Arenal","Jalisco","1917"
"Arandas","Jalisco","1918"
"San Juanito de Escobedo","Jalisco","1919"
"Ameca","Jalisco","1920"
"Amatitán","Jalisco","1921"
"Amacueca","Jalisco","1922"
"Ahualulco de Mercado","Jalisco","1923"
"Acatlán de Juárez","Jalisco","1924"
"Acatic","Jalisco","1925"
"Zimapán","Hidalgo","1926"
"Zempoala","Hidalgo","1927"
"Zapotlán de Juárez","Hidalgo","1928"
"Zacualtipán de Angeles","Hidalgo","1929"
"Yahualica","Hidalgo","1930"
"Xochicoatlán","Hidalgo","1931"
"Xochiatipan","Hidalgo","1932"
"Villa de Tezontepec","Hidalgo","1933"
"Tulancingo de Bravo","Hidalgo","1934"
"Tula de Allende","Hidalgo","1935"
"Tolcayuca","Hidalgo","1936"
"Tlaxcoapan","Hidalgo","1937"
"Tlanchinol","Hidalgo","1938"
"Tlanalapa","Hidalgo","1939"
"Tlahuiltepa","Hidalgo","1940"
"Tlahuelilpan","Hidalgo","1941"
"Tizayuca","Hidalgo","1942"
"Tianguistengo","Hidalgo","1943"
"Tezontepec de Aldama","Hidalgo","1944"
"Tetepango","Hidalgo","1945"
"Tepetitlán","Hidalgo","1946"
"Tepeji del Río de Ocampo","Hidalgo","1947"
"Tepehuacán de Guerrero","Hidalgo","1948"
"Tepeapulco","Hidalgo","1949"
"Tenango de Doria","Hidalgo","1950"
"Tecozautla","Hidalgo","1951"
"Tasquillo","Hidalgo","1952"
"Singuilucan","Hidalgo","1953"
"Santiago Tulantepec de Lugo Guerrero","Hidalgo","1954"
"Santiago de Anaya","Hidalgo","1955"
"San Salvador","Hidalgo","1956"
"San Felipe Orizatlán","Hidalgo","1957"
"San Bartolo Tutotepec","Hidalgo","1958"
"San Agustín Tlaxiaca","Hidalgo","1959"
"San Agustín Metzquititlán","Hidalgo","1960"
"Progreso de Obregón","Hidalgo","1961"
"Pisaflores","Hidalgo","1962"
"Pachuca de Soto","Hidalgo","1963"
"Pacula","Hidalgo","1964"
"Omitlán de Juárez","Hidalgo","1965"
"Nopala de Villagrán","Hidalgo","1966"
"Nicolás Flores","Hidalgo","1967"
"Molango de Escamilla","Hidalgo","1968"
"Mixquiahuala de Juárez","Hidalgo","1969"
"Mineral de la Reforma","Hidalgo","1970"
"Mineral del Monte","Hidalgo","1971"
"Mineral del Chico","Hidalgo","1972"
"Metztitlán","Hidalgo","1973"
"Metepec","Hidalgo","1974"
"Lolotla","Hidalgo","1975"
"La Misión","Hidalgo","1976"
"Juárez Hidalgo","Hidalgo","1977"
"Jaltocán","Hidalgo","1978"
"Jacala de Ledezma","Hidalgo","1979"
"Ixmiquilpan","Hidalgo","1980"
"Huichapan","Hidalgo","1981"
"Huejutla de Reyes","Hidalgo","1982"
"Huehuetla","Hidalgo","1983"
"Huazalingo","Hidalgo","1984"
"Huautla","Hidalgo","1985"
"Huasca de Ocampo","Hidalgo","1986"
"Francisco I. Madero","Hidalgo","1987"
"Epazoyucan","Hidalgo","1988"
"Emiliano Zapata","Hidalgo","1989"
"Eloxochitlán","Hidalgo","1990"
"El Arenal","Hidalgo","1991"
"Chilcuautla","Hidalgo","1992"
"Chapulhuacán","Hidalgo","1993"
"Chapantongo","Hidalgo","1994"
"Cuautepec de Hinojosa","Hidalgo","1995"
"Cardonal","Hidalgo","1996"
"Calnali","Hidalgo","1997"
"Atotonilco de Tula","Hidalgo","1998"
"Atotonilco El Grande","Hidalgo","1999"
"Atlapexco","Hidalgo","2000"
"Atitalaquia","Hidalgo","2001"
"Apan","Hidalgo","2002"
"Almoloya","Hidalgo","2003"
"Alfajayucan","Hidalgo","2004"
"Ajacuba","Hidalgo","2005"
"Agua Blanca de Iturbide","Hidalgo","2006"
"Actopan","Hidalgo","2007"
"Acaxochitlán","Hidalgo","2008"
"Acatlán","Hidalgo","2009"
"Juchitán","Guerrero","2010"
"Marquelia","Guerrero","2011"
"Cochoapa el Grande","Guerrero","2012"
"Iliatenco","Guerrero","2013"
"José Joaquin de Herrera","Guerrero","2014"
"Acatepec","Guerrero","2015"
"Zitlala","Guerrero","2016"
"Zirándaro","Guerrero","2017"
"Zapotitlán Tablas","Guerrero","2018"
"Xochistlahuaca","Guerrero","2019"
"Xochihuehuetlán","Guerrero","2020"
"Xalpatláhuac","Guerrero","2021"
"La Unión de Isidoro Montes de Oca","Guerrero","2022"
"Tlapehuala","Guerrero","2023"
"Tlapa de Comonfort","Guerrero","2024"
"Tlalixtaquilla de Maldonado","Guerrero","2025"
"Tlalchapa","Guerrero","2026"
"Tlacoapa","Guerrero","2027"
"Tlacoachistlahuaca","Guerrero","2028"
"Tixtla de Guerrero","Guerrero","2029"
"Tetipac","Guerrero","2030"
"Tepecoacuilco de Trujano","Guerrero","2031"
"Teloloapan","Guerrero","2032"
"Técpan de Galeana","Guerrero","2033"
"Tecoanapa","Guerrero","2034"
"Taxco de Alarcón","Guerrero","2035"
"San Miguel Totolapan","Guerrero","2036"
"San Marcos","Guerrero","2037"
"San Luis Acatlán","Guerrero","2038"
"Quechultenango","Guerrero","2039"
"Pungarabato","Guerrero","2040"
"Pilcaya","Guerrero","2041"
"Petatlán","Guerrero","2042"
"Pedro Ascencio Alquisiras","Guerrero","2043"
"Ometepec","Guerrero","2044"
"Olinalá","Guerrero","2045"
"Mochitlán","Guerrero","2046"
"Metlatónoc","Guerrero","2047"
"Mártir de Cuilapan","Guerrero","2048"
"Malinaltepec","Guerrero","2049"
"Leonardo Bravo","Guerrero","2050"
"Juan R. Escudero","Guerrero","2051"
"José Azueta","Guerrero","2052"
"Ixcateopan de Cuauhtémoc","Guerrero","2053"
"Igualapa","Guerrero","2054"
"Iguala de la Independencia","Guerrero","2055"
"Huitzuco de los Figueroa","Guerrero","2056"
"Huamuxtitlán","Guerrero","2057"
"General Heliodoro Castillo","Guerrero","2058"
"General Canuto A. Neri","Guerrero","2059"
"Florencio Villarreal","Guerrero","2060"
"Eduardo Neri","Guerrero","2061"
"Chilpancingo de los Bravo","Guerrero","2062"
"Chilapa de Alvarez","Guerrero","2063"
"Cutzamala de Pinzón","Guerrero","2064"
"Cuetzala del Progreso","Guerrero","2065"
"Cuautepec","Guerrero","2066"
"Cualác","Guerrero","2067"
"Cuajinicuilapa","Guerrero","2068"
"Coyuca de Catalán","Guerrero","2069"
"Coyuca de Benítez","Guerrero","2070"
"Copanatoyac","Guerrero","2071"
"Copalillo","Guerrero","2072"
"Copala","Guerrero","2073"
"Cocula","Guerrero","2074"
"Coahuayutla de José María Izazaga","Guerrero","2075"
"Buenavista de Cuéllar","Guerrero","2076"
"Benito Juárez","Guerrero","2077"
"Azoyú","Guerrero","2078"
"Ayutla de los Libres","Guerrero","2079"
"Atoyac de Alvarez","Guerrero","2080"
"Atlixtac","Guerrero","2081"
"Atlamajalcingo del Monte","Guerrero","2082"
"Atenango del Río","Guerrero","2083"
"Arcelia","Guerrero","2084"
"Apaxtla","Guerrero","2085"
"Alpoyeca","Guerrero","2086"
"Alcozauca de Guerrero","Guerrero","2087"
"Ajuchitlán del Progreso","Guerrero","2088"
"Ahuacuotzingo","Guerrero","2089"
"Acapulco de Juárez","Guerrero","2090"
"Yuriria","Guanajuato","2091"
"Xichú","Guanajuato","2092"
"Villagrán","Guanajuato","2093"
"Victoria","Guanajuato","2094"
"Valle de Santiago","Guanajuato","2095"
"Uriangato","Guanajuato","2096"
"Tierra Blanca","Guanajuato","2097"
"Tarimoro","Guanajuato","2098"
"Tarandacuao","Guanajuato","2099"
"Silao","Guanajuato","2100"
"Santiago Maravatío","Guanajuato","2101"
"Santa Cruz de Juventino Rosas","Guanajuato","2102"
"Santa Catarina","Guanajuato","2103"
"San Luis de la Paz","Guanajuato","2104"
"San José Iturbide","Guanajuato","2105"
"San Francisco del Rincón","Guanajuato","2106"
"San Felipe","Guanajuato","2107"
"San Diego de la Unión","Guanajuato","2108"
"Salvatierra","Guanajuato","2109"
"Salamanca","Guanajuato","2110"
"Romita","Guanajuato","2111"
"Purísima del Rincón","Guanajuato","2112"
"Pueblo Nuevo","Guanajuato","2113"
"Pénjamo","Guanajuato","2114"
"Ocampo","Guanajuato","2115"
"Moroleón","Guanajuato","2116"
"León","Guanajuato","2117"
"Jerécuaro","Guanajuato","2118"
"Jaral del Progreso","Guanajuato","2119"
"Irapuato","Guanajuato","2120"
"Huanímaro","Guanajuato","2121"
"Guanajuato","Guanajuato","2122"
"Dolores Hidalgo","Guanajuato","2123"
"Doctor Mora","Guanajuato","2124"
"Cuerámaro","Guanajuato","2125"
"Cortazar","Guanajuato","2126"
"Coroneo","Guanajuato","2127"
"Comonfort","Guanajuato","2128"
"Manuel Doblado","Guanajuato","2129"
"Celaya","Guanajuato","2130"
"Atarjea","Guanajuato","2131"
"Apaseo El Grande","Guanajuato","2132"
"Apaseo El Alto","Guanajuato","2133"
"San Miguel de Allende","Guanajuato","2134"
"Acámbaro","Guanajuato","2135"
"Abasolo","Guanajuato","2136"
"Vicente Guerrero","Durango","2137"
"Topia","Durango","2138"
"Tlahualilo","Durango","2139"
"Tepehuanes","Durango","2140"
"Tamazula","Durango","2141"
"Súchil","Durango","2142"
"Santiago Papasquiaro","Durango","2143"
"Santa Clara","Durango","2144"
"San Pedro del Gallo","Durango","2145"
"San Luis del Cordero","Durango","2146"
"San Juan del Río","Durango","2147"
"San Juan de Guadalupe","Durango","2148"
"San Dimas","Durango","2149"
"San Bernardo","Durango","2150"
"Rodeo","Durango","2151"
"Pueblo Nuevo","Durango","2152"
"Poanas","Durango","2153"
"Peñón Blanco","Durango","2154"
"Pánuco de Coronado","Durango","2155"
"Otáez","Durango","2156"
"El Oro","Durango","2157"
"Ocampo","Durango","2158"
"Nuevo Ideal","Durango","2159"
"Nombre de Dios","Durango","2160"
"Nazas","Durango","2161"
"Mezquital","Durango","2162"
"Mapimí","Durango","2163"
"Lerdo","Durango","2164"
"Indé","Durango","2165"
"Hidalgo","Durango","2166"
"Guanaceví","Durango","2167"
"Guadalupe Victoria","Durango","2168"
"Gómez Palacio","Durango","2169"
"Simón Bolívar","Durango","2170"
"Durango","Durango","2171"
"Cuencamé","Durango","2172"
"Coneto de Comonfort","Durango","2173"
"Canelas","Durango","2174"
"Canatlán","Durango","2175"
"Venustiano Carranza","Distrito Federal","2176"
"Miguel Hidalgo","Distrito Federal","2177"
"Cuauhtémoc","Distrito Federal","2178"
"Benito Juárez","Distrito Federal","2179"
"Xochimilco","Distrito Federal","2180"
"Tlalpan","Distrito Federal","2181"
"Tláhuac","Distrito Federal","2182"
"Alvaro Obregón","Distrito Federal","2183"
"Milpa Alta","Distrito Federal","2184"
"La Magdalena Contreras","Distrito Federal","2185"
"Iztapalapa","Distrito Federal","2186"
"Iztacalco","Distrito Federal","2187"
"Gustavo A. Madero","Distrito Federal","2188"
"Cuajimalpa de Morelos","Distrito Federal","2189"
"Coyoacán","Distrito Federal","2190"
"Azcapotzalco","Distrito Federal","2191"
"Valle de Zaragoza","Chihuahua","2192"
"Uruachi","Chihuahua","2193"
"Urique","Chihuahua","2194"
"El Tule","Chihuahua","2195"
"Temósachi","Chihuahua","2196"
"Saucillo","Chihuahua","2197"
"Satevó","Chihuahua","2198"
"Santa Bárbara","Chihuahua","2199"
"San Francisco del Oro","Chihuahua","2200"
"San Francisco de Conchos","Chihuahua","2201"
"San Francisco de Borja","Chihuahua","2202"
"Rosario","Chihuahua","2203"
"Rosales","Chihuahua","2204"
"Riva Palacio","Chihuahua","2205"
"Praxedis G. Guerrero","Chihuahua","2206"
"Ojinaga","Chihuahua","2207"
"Ocampo","Chihuahua","2208"
"Nuevo Casas Grandes","Chihuahua","2209"
"Nonoava","Chihuahua","2210"
"Namiquipa","Chihuahua","2211"
"Moris","Chihuahua","2212"
"Morelos","Chihuahua","2213"
"Meoqui","Chihuahua","2214"
"Matamoros","Chihuahua","2215"
"Matachí","Chihuahua","2216"
"Manuel Benavides","Chihuahua","2217"
"Maguarichi","Chihuahua","2218"
"Madera","Chihuahua","2219"
"López","Chihuahua","2220"
"Julimes","Chihuahua","2221"
"Juárez","Chihuahua","2222"
"Jiménez","Chihuahua","2223"
"Janos","Chihuahua","2224"
"Ignacio Zaragoza","Chihuahua","2225"
"Huejotitán","Chihuahua","2226"
"Hidalgo del Parral","Chihuahua","2227"
"Guerrero","Chihuahua","2228"
"Guazapares","Chihuahua","2229"
"Guadalupe Y Calvo","Chihuahua","2230"
"Guadalupe","Chihuahua","2231"
"Guachochi","Chihuahua","2232"
"Gran Morelos","Chihuahua","2233"
"Gómez Farías","Chihuahua","2234"
"Santa Isabel","Chihuahua","2235"
"Galeana","Chihuahua","2236"
"Dr. Belisario Domínguez","Chihuahua","2237"
"Delicias","Chihuahua","2238"
"Chínipas","Chihuahua","2239"
"Chihuahua","Chihuahua","2240"
"Cusihuiriachi","Chihuahua","2241"
"Cuauhtémoc","Chihuahua","2242"
"La Cruz","Chihuahua","2243"
"Coyame del Sotol","Chihuahua","2244"
"Coronado","Chihuahua","2245"
"Casas Grandes","Chihuahua","2246"
"Carichí","Chihuahua","2247"
"Camargo","Chihuahua","2248"
"Buenaventura","Chihuahua","2249"
"Bocoyna","Chihuahua","2250"
"Batopilas","Chihuahua","2251"
"Balleza","Chihuahua","2252"
"Bachíniva","Chihuahua","2253"
"Ascensión","Chihuahua","2254"
"Aquiles Serdán","Chihuahua","2255"
"Allende","Chihuahua","2256"
"Aldama","Chihuahua","2257"
"Ahumada","Chihuahua","2258"
"Zinacantán","Chiapas","2259"
"Yajalón","Chiapas","2260"
"Villaflores","Chiapas","2261"
"Villa Corzo","Chiapas","2262"
"Villacomaltitlán","Chiapas","2263"
"Venustiano Carranza","Chiapas","2264"
"Unión Juárez","Chiapas","2265"
"Tzimol","Chiapas","2266"
"Tuzantán","Chiapas","2267"
"Tuxtla Gutiérrez","Chiapas","2268"
"Tuxtla Chico","Chiapas","2269"
"Tumbalá","Chiapas","2270"
"La Trinitaria","Chiapas","2271"
"Totolapa","Chiapas","2272"
"Tonalá","Chiapas","2273"
"Tila","Chiapas","2274"
"Teopisca","Chiapas","2275"
"Tenejapa","Chiapas","2276"
"Tecpatán","Chiapas","2277"
"Tapilula","Chiapas","2278"
"Tapalapa","Chiapas","2279"
"Tapachula","Chiapas","2280"
"Sunuapa","Chiapas","2281"
"Suchiate","Chiapas","2282"
"Suchiapa","Chiapas","2283"
"Soyaló","Chiapas","2284"
"Solosuchiapa","Chiapas","2285"
"Socoltenango","Chiapas","2286"
"Sitalá","Chiapas","2287"
"Simojovel","Chiapas","2288"
"Siltepec","Chiapas","2289"
"San Lucas","Chiapas","2290"
"San Juan Cancuc","Chiapas","2291"
"San Fernando","Chiapas","2292"
"San Cristóbal de las Casas","Chiapas","2293"
"Salto de Agua","Chiapas","2294"
"Sabanilla","Chiapas","2295"
"Las Rosas","Chiapas","2296"
"Reforma","Chiapas","2297"
"Rayón","Chiapas","2298"
"Pueblo Nuevo Solistahuacán","Chiapas","2299"
"El Porvenir","Chiapas","2300"
"Pijijiapan","Chiapas","2301"
"Pichucalco","Chiapas","2302"
"Pantepec","Chiapas","2303"
"Pantelhó","Chiapas","2304"
"Palenque","Chiapas","2305"
"Oxchuc","Chiapas","2306"
"Osumacinta","Chiapas","2307"
"Ostuacán","Chiapas","2308"
"Ocozocoautla de Espinosa","Chiapas","2309"
"Ocotepec","Chiapas","2310"
"Ocosingo","Chiapas","2311"
"Nicolás Ruíz","Chiapas","2312"
"Motozintla","Chiapas","2313"
"Mitontic","Chiapas","2314"
"Metapa","Chiapas","2315"
"Mazatán","Chiapas","2316"
"Mazapa de Madero","Chiapas","2317"
"Las Margaritas","Chiapas","2318"
"Mapastepec","Chiapas","2319"
"La Libertad","Chiapas","2320"
"Larráinzar","Chiapas","2321"
"Juárez","Chiapas","2322"
"Jitotol","Chiapas","2323"
"Jiquipilas","Chiapas","2324"
"Ixtapangajoya","Chiapas","2325"
"Ixtapa","Chiapas","2326"
"Ixtacomitán","Chiapas","2327"
"Ixhuatán","Chiapas","2328"
"La Independencia","Chiapas","2329"
"Huixtla","Chiapas","2330"
"Huixtán","Chiapas","2331"
"Huitiupán","Chiapas","2332"
"Huehuetán","Chiapas","2333"
"La Grandeza","Chiapas","2334"
"Frontera Hidalgo","Chiapas","2335"
"Frontera Comalapa","Chiapas","2336"
"Francisco León","Chiapas","2337"
"Escuintla","Chiapas","2338"
"Chilón","Chiapas","2339"
"Chicomuselo","Chiapas","2340"
"Chicoasén","Chiapas","2341"
"Chiapilla","Chiapas","2342"
"Chiapa de Corzo","Chiapas","2343"
"Chenalhó","Chiapas","2344"
"Chapultenango","Chiapas","2345"
"Chanal","Chiapas","2346"
"Chamula","Chiapas","2347"
"Chalchihuitán","Chiapas","2348"
"Copainalá","Chiapas","2349"
"La Concordia","Chiapas","2350"
"Comitán de Domínguez","Chiapas","2351"
"Coapilla","Chiapas","2352"
"Cintalapa","Chiapas","2353"
"Catazajá","Chiapas","2354"
"Cacahoatán","Chiapas","2355"
"El Bosque","Chiapas","2356"
"Bochil","Chiapas","2357"
"Berriozábal","Chiapas","2358"
"Bella Vista","Chiapas","2359"
"Bejucal de Ocampo","Chiapas","2360"
"Arriaga","Chiapas","2361"
"Angel Albino Corzo","Chiapas","2362"
"Amatenango del Valle","Chiapas","2363"
"Amatenango de la Frontera","Chiapas","2364"
"Amatán","Chiapas","2365"
"Altamirano","Chiapas","2366"
"Acapetahua","Chiapas","2367"
"Acala","Chiapas","2368"
"Acacoyagua","Chiapas","2369"
"Tecomán","Colima","2370"
"Minatitlán","Colima","2371"
"Manzanillo","Colima","2372"
"Ixtlahuacán","Colima","2373"
"Armería","Colima","2374"
"Villa de Alvarez","Colima","2375"
"Cuauhtémoc","Colima","2376"
"Coquimatlán","Colima","2377"
"Comala","Colima","2378"
"Colima","Colima","2379"
"Zaragoza","Coahuila de Zaragoza","2380"
"Villa Unión","Coahuila de Zaragoza","2381"
"Viesca","Coahuila de Zaragoza","2382"
"Torreón","Coahuila de Zaragoza","2383"
"Sierra Mojada","Coahuila de Zaragoza","2384"
"San Pedro","Coahuila de Zaragoza","2385"
"San Juan de Sabinas","Coahuila de Zaragoza","2386"
"San Buenaventura","Coahuila de Zaragoza","2387"
"Saltillo","Coahuila de Zaragoza","2388"
"Sacramento","Coahuila de Zaragoza","2389"
"Sabinas","Coahuila de Zaragoza","2390"
"Ramos Arizpe","Coahuila de Zaragoza","2391"
"Progreso","Coahuila de Zaragoza","2392"
"Piedras Negras","Coahuila de Zaragoza","2393"
"Parras","Coahuila de Zaragoza","2394"
"Ocampo","Coahuila de Zaragoza","2395"
"Nava","Coahuila de Zaragoza","2396"
"Nadadores","Coahuila de Zaragoza","2397"
"Múzquiz","Coahuila de Zaragoza","2398"
"Morelos","Coahuila de Zaragoza","2399"
"Monclova","Coahuila de Zaragoza","2400"
"Matamoros","Coahuila de Zaragoza","2401"
"Lamadrid","Coahuila de Zaragoza","2402"
"Juárez","Coahuila de Zaragoza","2403"
"Jiménez","Coahuila de Zaragoza","2404"
"Hidalgo","Coahuila de Zaragoza","2405"
"Guerrero","Coahuila de Zaragoza","2406"
"General Cepeda","Coahuila de Zaragoza","2407"
"Frontera","Coahuila de Zaragoza","2408"
"Francisco I. Madero","Coahuila de Zaragoza","2409"
"Escobedo","Coahuila de Zaragoza","2410"
"Cuatrociénegas","Coahuila de Zaragoza","2411"
"Castaños","Coahuila de Zaragoza","2412"
"Candela","Coahuila de Zaragoza","2413"
"Arteaga","Coahuila de Zaragoza","2414"
"Allende","Coahuila de Zaragoza","2415"
"Acuña","Coahuila de Zaragoza","2416"
"Abasolo","Coahuila de Zaragoza","2417"
"Candelaria","Campeche","2418"
"Escárcega","Campeche","2419"
"Tenabo","Campeche","2420"
"Palizada","Campeche","2421"
"Hopelchén","Campeche","2422"
"Hecelchakán","Campeche","2423"
"Champotón","Campeche","2424"
"Carmen","Campeche","2425"
"Calkiní","Campeche","2426"
"Campeche","Campeche","2427"
"Loreto","Baja California Sur","2428"
"Los Cabos","Baja California Sur","2429"
"La Paz","Baja California Sur","2430"
"Mulegé","Baja California Sur","2431"
"Comondú","Baja California Sur","2432"
"Playas de Rosarito","Baja California","2433"
"Tijuana","Baja California","2434"
"Tecate","Baja California","2435"
"Mexicali","Baja California","2436"
"Ensenada","Baja California","2437"
"El Llano","Aguascalientes","2438"
"San Francisco de los Romo","Aguascalientes","2439"
"Tepezalá","Aguascalientes","2440"
"San José de Gracia","Aguascalientes","2441"
"Rincón de Romos","Aguascalientes","2442"
"Pabellón de Arteaga","Aguascalientes","2443"
"Jesús María","Aguascalientes","2444"
"Cosío","Aguascalientes","2445"
"Calvillo","Aguascalientes","2446"
"Asientos","Aguascalientes","2447"
"Aguascalientes","Aguascalientes","2448"